ins_cod;ins_nom;rec_nom;pro_cned;dir1_nom;dir1_rol;dir1_pro;dir2_nom;dir2_rol;dir2_pro;dir3_nom;dir3_rol;dir3_pro;dir4_nom;dir4_rol;dir4_pro;dir5_nom;dir5_rol;dir5_pro;dir6_nom;dir6_rol;dir6_pro;dir7_nom;dir7_rol;dir7_pro;dir8_nom;dir8_rol;dir8_pro;dir9_nom;dir9_rol;dir9_pro
1;UNIVERSIDAD GABRIELA MISTRAL;SERGIO MENA JARA;SIN PROCESO CNED;DIR1_NOM INST1;DIR1_ROL INST1;DIR1_PRO INST1;DIR2_NOM INST1;DIR2_ROL INST1;DIR2_PRO INST1;DIR3_NOM INST1;DIR3_ROL INST1;DIR3_PRO INST1;DIR4_NOM INST1;DIR4_ROL INST1;DIR4_PRO INST1;DIR5_NOM INST1;DIR5_ROL INST1;DIR5_PRO INST1;DIR6_NOM INST1;DIR6_ROL INST1;DIR6_PRO INST1;DIR7_NOM INST1;DIR7_ROL INST1;DIR7_PRO INST1;DIR8_NOM INST1;DIR8_ROL INST1;DIR8_PRO INST1;DIR9_NOM INST1;DIR9_ROL INST1;DIR9_PRO INST1
2;UNIVERSIDAD FINIS TERRAE;JUAN EDUARDO VARGAS;SIN PROCESO CNED;DIR1_NOM INST2;DIR1_ROL INST2;DIR1_PRO INST2;DIR2_NOM INST2;DIR2_ROL INST2;DIR2_PRO INST2;DIR3_NOM INST2;DIR3_ROL INST2;DIR3_PRO INST2;DIR4_NOM INST2;DIR4_ROL INST2;DIR4_PRO INST2;DIR5_NOM INST2;DIR5_ROL INST2;DIR5_PRO INST2;DIR6_NOM INST2;DIR6_ROL INST2;DIR6_PRO INST2;DIR7_NOM INST2;DIR7_ROL INST2;DIR7_PRO INST2;;;;;;
3;UNIVERSIDAD DIEGO PORTALES;CARLOS PEÑA GONZÁLEZ;SIN PROCESO CNED;DIR1_NOM INST3;;;;DIR2_ROL INST3;DIR2_PRO INST3;DIR3_NOM INST3;DIR3_ROL INST3;DIR3_PRO INST3;DIR4_NOM INST3;DIR4_ROL INST3;DIR4_PRO INST3;DIR5_NOM INST3;DIR5_ROL INST3;DIR5_PRO INST3;DIR6_NOM INST3;DIR6_ROL INST3;DIR6_PRO INST3;DIR7_NOM INST3;DIR7_ROL INST3;DIR7_PRO INST3;DIR8_NOM INST3;DIR8_ROL INST3;DIR8_PRO INST3;;;
4;UNIVERSIDAD CENTRAL DE CHILE;SANTIAGO GONZÁLEZ LARRAÍN;SIN PROCESO CNED;DIR1_NOM INST4;DIR1_ROL INST4;DIR1_PRO INST4;DIR2_NOM INST4;DIR2_ROL INST4;DIR2_PRO INST4;DIR3_NOM INST4;DIR3_ROL INST4;DIR3_PRO INST4;DIR4_NOM INST4;DIR4_ROL INST4;DIR4_PRO INST4;DIR5_NOM INST4;DIR5_ROL INST4;DIR5_PRO INST4;DIR6_NOM INST4;DIR6_ROL INST4;DIR6_PRO INST4;DIR7_NOM INST4;DIR7_ROL INST4;DIR7_PRO INST4;DIR8_NOM INST4;DIR8_ROL INST4;DIR8_PRO INST4;;;
7;UNIVERSIDAD BOLIVARIANA;FRANCISCO CUESTA PANTOJA;SIN PROCESO CNED;DIR1_NOM INST7;DIR1_ROL INST7;DIR1_PRO INST7;DIR2_NOM INST7;DIR2_ROL INST7;DIR2_PRO INST7;DIR3_NOM INST7;DIR3_ROL INST7;;DIR4_NOM INST7;DIR4_ROL INST7;;DIR5_NOM INST7;DIR5_ROL INST7;DIR5_PRO INST7;DIR6_NOM INST7;DIR6_ROL INST7;DIR6_PRO INST7;DIR7_NOM INST7;DIR7_ROL INST7;DIR7_PRO INST7;DIR8_NOM INST7;DIR8_ROL INST7;DIR8_PRO INST7;DIR9_NOM INST7;DIR9_ROL INST7;DIR9_PRO INST7
9;UNIVERSIDAD DEL ALBA;RAFAEL ROSELL AIQUEL;SIN PROCESO CNED;DIR1_NOM INST9;DIR1_ROL INST9;DIR1_PRO INST9;DIR2_NOM INST9;DIR2_ROL INST9;DIR2_PRO INST9;DIR3_NOM INST9;DIR3_ROL INST9;DIR3_PRO INST9;DIR4_NOM INST9;DIR4_ROL INST9;DIR4_PRO INST9;;;;;;;;;;;;;;;
10;UNIVERSIDAD MAYOR;PATRICIO A. MANQUE;SIN PROCESO CNED;DIR1_NOM INST10;DIR1_ROL INST10;DIR1_PRO INST10;DIR2_NOM INST10;DIR2_ROL INST10;DIR2_PRO INST10;DIR3_NOM INST10;DIR3_ROL INST10;DIR3_PRO INST10;DIR4_NOM INST10;DIR4_ROL INST10;DIR4_PRO INST10;DIR5_NOM INST10;DIR5_ROL INST10;DIR5_PRO INST10;DIR6_NOM INST10;DIR6_ROL INST10;DIR6_PRO INST10;;;;;;;;;
11;UNIVERSIDAD ACADEMIA DE HUMANISMO CRISTIANO;ÁLVARO RAMIS OLIVOS;SIN PROCESO CNED;DIR1_NOM INST11;DIR1_ROL INST11;DIR1_PRO INST11;DIR2_NOM INST11;DIR2_ROL INST11;DIR2_PRO INST11;DIR3_NOM INST11;DIR3_ROL INST11;DIR3_PRO INST11;DIR4_NOM INST11;;DIR4_PRO INST11;;DIR5_ROL INST11;DIR5_PRO INST11;DIR6_NOM INST11;DIR6_ROL INST11;;DIR7_NOM INST11;DIR7_ROL INST11;DIR7_PRO INST11;DIR8_NOM INST11;;DIR8_PRO INST11;DIR9_NOM INST11;;DIR9_PRO INST11
13;UNIVERSIDAD SANTO TOMÁS;CLAUDIA PEIRANO RODRÍGUEZ;SIN PROCESO CNED;DIR1_NOM INST13;DIR1_ROL INST13;DIR1_PRO INST13;DIR2_NOM INST13;DIR2_ROL INST13;DIR2_PRO INST13;DIR3_NOM INST13;DIR3_ROL INST13;DIR3_PRO INST13;DIR4_NOM INST13;DIR4_ROL INST13;DIR4_PRO INST13;DIR5_NOM INST13;DIR5_ROL INST13;DIR5_PRO INST13;;;;;;;;;;;;
16;UNIVERSIDAD LA REPÚBLICA;FERNANDO LAGOS BASUALTO;SIN PROCESO CNED;DIR1_NOM INST16;DIR1_ROL INST16;DIR1_PRO INST16;DIR2_NOM INST16;DIR2_ROL INST16;DIR2_PRO INST16;DIR3_NOM INST16;DIR3_ROL INST16;DIR3_PRO INST16;DIR4_NOM INST16;DIR4_ROL INST16;DIR4_PRO INST16;;;;;;;;;;;;;;;
17;UNIVERSIDAD SEK;EVA FLANDES A.;SIN PROCESO CNED;DIR1_NOM INST17;DIR1_ROL INST17;DIR1_PRO INST17;DIR2_NOM INST17;DIR2_ROL INST17;DIR2_PRO INST17;DIR3_NOM INST17;DIR3_ROL INST17;DIR3_PRO INST17;DIR4_NOM INST17;DIR4_ROL INST17;DIR4_PRO INST17;DIR5_NOM INST17;;;;;;;;;;;;;;
19;UNIVERSIDAD DE LAS AMÉRICAS;MARÍA DEL PILAR ROMAGUERA GRACIA;SIN PROCESO CNED;DIR1_NOM INST19;DIR1_ROL INST19;DIR1_PRO INST19;DIR2_NOM INST19;DIR2_ROL INST19;DIR2_PRO INST19;DIR3_NOM INST19;DIR3_ROL INST19;DIR3_PRO INST19;DIR4_NOM INST19;DIR4_ROL INST19;DIR4_PRO INST19;;DIR5_ROL INST19;;;;;;;;;;;;;
20;UNIVERSIDAD ANDRÉS BELLO;JULIO CASTRO SEPÚLVEDA;SIN PROCESO CNED;DIR1_NOM INST20;DIR1_ROL INST20;DIR1_PRO INST20;DIR2_NOM INST20;DIR2_ROL INST20;DIR2_PRO INST20;DIR3_NOM INST20;DIR3_ROL INST20;DIR3_PRO INST20;DIR4_NOM INST20;DIR4_ROL INST20;DIR4_PRO INST20;;;DIR5_PRO INST20;DIR6_NOM INST20;;;;;;;;;;;
22;UNIVERSIDAD DE VIÑA DEL MAR;CARLOS ISAAC PÁLYI;SIN PROCESO CNED;DIR1_NOM INST22;DIR1_ROL INST22;DIR1_PRO INST22;DIR2_NOM INST22;DIR2_ROL INST22;DIR2_PRO INST22;DIR3_NOM INST22;DIR3_ROL INST22;DIR3_PRO INST22;DIR4_NOM INST22;DIR4_ROL INST22;DIR4_PRO INST22;;;;DIR6_NOM INST22;DIR6_ROL INST22;DIR6_PRO INST22;;;;;;;;;
23;UNIVERSIDAD ADOLFO IBÁÑEZ;FRANCISCO COVARRUBIAS PORZIO;SIN PROCESO CNED;DIR1_NOM INST23;DIR1_ROL INST23;DIR1_PRO INST23;DIR2_NOM INST23;DIR2_ROL INST23;DIR2_PRO INST23;DIR3_NOM INST23;DIR3_ROL INST23;DIR3_PRO INST23;DIR4_NOM INST23;DIR4_ROL INST23;DIR4_PRO INST23;;;;;DIR6_ROL INST23;DIR6_PRO INST23;DIR7_NOM INST23;DIR7_ROL INST23;DIR7_PRO INST23;;;;;;
26;UNIVERSIDAD DE ARTES, CIENCIAS Y COMUNICACIÓN - UNIACC;CARLOS BARRÍA ROMÁN;SIN PROCESO CNED;DIR1_NOM INST26;DIR1_ROL INST26;DIR1_PRO INST26;DIR2_NOM INST26;DIR2_ROL INST26;DIR2_PRO INST26;DIR3_NOM INST26;DIR3_ROL INST26;DIR3_PRO INST26;DIR4_NOM INST26;DIR4_ROL INST26;DIR4_PRO INST26;;;;;DIR6_ROL INST26;DIR6_PRO INST26;DIR7_NOM INST26;;;DIR8_NOM INST26;;;;;
31;UNIVERSIDAD AUTÓNOMA DE CHILE;TEODORO RIBERA NEUMANN;SIN PROCESO CNED;DIR1_NOM INST31;DIR1_ROL INST31;DIR1_PRO INST31;DIR2_NOM INST31;DIR2_ROL INST31;DIR2_PRO INST31;DIR3_NOM INST31;DIR3_ROL INST31;DIR3_PRO INST31;;;;DIR5_NOM INST31;DIR5_ROL INST31;DIR5_PRO INST31;DIR6_NOM INST31;DIR6_ROL INST31;DIR6_PRO INST31;DIR7_NOM INST31;DIR7_ROL INST31;DIR7_PRO INST31;DIR8_NOM INST31;DIR8_ROL INST31;DIR8_PRO INST31;DIR9_NOM INST31;DIR9_ROL INST31;DIR9_PRO INST31
34;UNIVERSIDAD DE LOS ANDES;JOSÉ ANTONIO GUZMÁN CRUZAT;SIN PROCESO CNED;DIR1_NOM INST34;DIR1_ROL INST34;DIR1_PRO INST34;DIR2_NOM INST34;DIR2_ROL INST34;DIR2_PRO INST34;;;;DIR4_NOM INST34;DIR4_ROL INST34;;DIR5_NOM INST34;DIR5_ROL INST34;;DIR6_NOM INST34;DIR6_ROL INST34;;DIR7_NOM INST34;DIR7_ROL INST34;;DIR8_NOM INST34;;DIR8_PRO INST34;;DIR9_ROL INST34;
38;UNIVERSIDAD ADVENTISTA DE CHILE;MAURICIO COMTE DONOSO;SIN PROCESO CNED;DIR1_NOM INST38;DIR1_ROL INST38;DIR1_PRO INST38;DIR2_NOM INST38;DIR2_ROL INST38;DIR2_PRO INST38;;;;DIR4_NOM INST38;DIR4_ROL INST38;DIR4_PRO INST38;;;;;DIR6_ROL INST38;DIR6_PRO INST38;;;;DIR8_NOM INST38;DIR8_ROL INST38;DIR8_PRO INST38;DIR9_NOM INST38;DIR9_ROL INST38;DIR9_PRO INST38
39;UNIVERSIDAD SAN SEBASTIÁN;HUGO LAVADOS MONTES;SIN PROCESO CNED;;;;;;;;;;;;;;;;;;;;;;;;;;;
42;UNIVERSIDAD CATÓLICA CARDENAL RAÚL SILVA HENRÍQUEZ;GALVARINO JOFRÉ ARAYA;SIN PROCESO CNED;DIR1_NOM INST42;DIR1_ROL INST42;DIR1_PRO INST42;DIR2_NOM INST42;DIR2_ROL INST42;DIR2_PRO INST42;DIR3_NOM INST42;DIR3_ROL INST42;DIR3_PRO INST42;DIR4_NOM INST42;DIR4_ROL INST42;DIR4_PRO INST42;DIR5_NOM INST42;DIR5_ROL INST42;DIR5_PRO INST42;DIR6_NOM INST42;DIR6_ROL INST42;DIR6_PRO INST42;DIR7_NOM INST42;DIR7_ROL INST42;DIR7_PRO INST42;DIR8_NOM INST42;DIR8_ROL INST42;DIR8_PRO INST42;DIR9_NOM INST42;DIR9_ROL INST42;DIR9_PRO INST42
45;UNIVERSIDAD DEL DESARROLLO;FEDERICO VALDÉS LAFONTAINE;SIN PROCESO CNED;DIR1_NOM INST45;DIR1_ROL INST45;DIR1_PRO INST45;DIR2_NOM INST45;DIR2_ROL INST45;DIR2_PRO INST45;DIR3_NOM INST45;DIR3_ROL INST45;DIR3_PRO INST45;DIR4_NOM INST45;DIR4_ROL INST45;DIR4_PRO INST45;DIR5_NOM INST45;DIR5_ROL INST45;DIR5_PRO INST45;DIR6_NOM INST45;DIR6_ROL INST45;DIR6_PRO INST45;DIR7_NOM INST45;DIR7_ROL INST45;DIR7_PRO INST45;DIR8_NOM INST45;DIR8_ROL INST45;DIR8_PRO INST45;DIR9_NOM INST45;DIR9_ROL INST45;DIR9_PRO INST45
46;UNIVERSIDAD DE ACONCAGUA;MARCELO HERRERA HUECHE;SIN PROCESO CNED;DIR1_NOM INST46;DIR1_ROL INST46;DIR1_PRO INST46;DIR2_NOM INST46;DIR2_ROL INST46;DIR2_PRO INST46;DIR3_NOM INST46;DIR3_ROL INST46;DIR3_PRO INST46;DIR4_NOM INST46;DIR4_ROL INST46;DIR4_PRO INST46;DIR5_NOM INST46;DIR5_ROL INST46;DIR5_PRO INST46;DIR6_NOM INST46;DIR6_ROL INST46;DIR6_PRO INST46;DIR7_NOM INST46;DIR7_ROL INST46;DIR7_PRO INST46;DIR8_NOM INST46;DIR8_ROL INST46;DIR8_PRO INST46;DIR9_NOM INST46;DIR9_ROL INST46;DIR9_PRO INST46
48;UNIVERSIDAD LOS LEONES;FERNANDO VICENCIO SILVA;SIN PROCESO CNED;DIR1_NOM INST48;DIR1_ROL INST48;DIR1_PRO INST48;DIR2_NOM INST48;DIR2_ROL INST48;DIR2_PRO INST48;DIR3_NOM INST48;DIR3_ROL INST48;DIR3_PRO INST48;DIR4_NOM INST48;DIR4_ROL INST48;DIR4_PRO INST48;DIR5_NOM INST48;DIR5_ROL INST48;DIR5_PRO INST48;DIR6_NOM INST48;DIR6_ROL INST48;DIR6_PRO INST48;DIR7_NOM INST48;DIR7_ROL INST48;DIR7_PRO INST48;DIR8_NOM INST48;DIR8_ROL INST48;DIR8_PRO INST48;DIR9_NOM INST48;DIR9_ROL INST48;DIR9_PRO INST48
50;UNIVERSIDAD BERNARDO O'HIGGINS;CLAUDIO RUFF ESCOBAR;SIN PROCESO CNED;DIR1_NOM INST50;DIR1_ROL INST50;DIR1_PRO INST50;DIR2_NOM INST50;DIR2_ROL INST50;DIR2_PRO INST50;DIR3_NOM INST50;DIR3_ROL INST50;DIR3_PRO INST50;DIR4_NOM INST50;DIR4_ROL INST50;DIR4_PRO INST50;DIR5_NOM INST50;DIR5_ROL INST50;DIR5_PRO INST50;DIR6_NOM INST50;DIR6_ROL INST50;DIR6_PRO INST50;DIR7_NOM INST50;DIR7_ROL INST50;DIR7_PRO INST50;DIR8_NOM INST50;DIR8_ROL INST50;DIR8_PRO INST50;DIR9_NOM INST50;DIR9_ROL INST50;DIR9_PRO INST50
54;UNIVERSIDAD TECNOLÓGICA DE CHILE INACAP;LUIS EDUARDO PRIETO FERNÁNDEZ;SIN PROCESO CNED;DIR1_NOM INST54;DIR1_ROL INST54;DIR1_PRO INST54;DIR2_NOM INST54;DIR2_ROL INST54;DIR2_PRO INST54;DIR3_NOM INST54;DIR3_ROL INST54;DIR3_PRO INST54;DIR4_NOM INST54;DIR4_ROL INST54;DIR4_PRO INST54;DIR5_NOM INST54;DIR5_ROL INST54;DIR5_PRO INST54;DIR6_NOM INST54;DIR6_ROL INST54;DIR6_PRO INST54;DIR7_NOM INST54;DIR7_ROL INST54;DIR7_PRO INST54;DIR8_NOM INST54;DIR8_ROL INST54;DIR8_PRO INST54;DIR9_NOM INST54;DIR9_ROL INST54;DIR9_PRO INST54
68;UNIVERSIDAD MIGUEL DE CERVANTES;GUTENBERG MARTÍNEZ OCAMICA;SIN PROCESO CNED;DIR1_NOM INST68;DIR1_ROL INST68;DIR1_PRO INST68;DIR2_NOM INST68;DIR2_ROL INST68;DIR2_PRO INST68;DIR3_NOM INST68;DIR3_ROL INST68;DIR3_PRO INST68;DIR4_NOM INST68;DIR4_ROL INST68;DIR4_PRO INST68;DIR5_NOM INST68;DIR5_ROL INST68;DIR5_PRO INST68;DIR6_NOM INST68;DIR6_ROL INST68;DIR6_PRO INST68;DIR7_NOM INST68;DIR7_ROL INST68;DIR7_PRO INST68;DIR8_NOM INST68;DIR8_ROL INST68;DIR8_PRO INST68;DIR9_NOM INST68;DIR9_ROL INST68;DIR9_PRO INST68
69;UNIVERSIDAD ALBERTO HURTADO;EDUARDO SILVA ARÉVALO S.J.;SIN PROCESO CNED;DIR1_NOM INST69;DIR1_ROL INST69;DIR1_PRO INST69;DIR2_NOM INST69;DIR2_ROL INST69;DIR2_PRO INST69;DIR3_NOM INST69;DIR3_ROL INST69;DIR3_PRO INST69;DIR4_NOM INST69;DIR4_ROL INST69;DIR4_PRO INST69;DIR5_NOM INST69;DIR5_ROL INST69;DIR5_PRO INST69;DIR6_NOM INST69;DIR6_ROL INST69;DIR6_PRO INST69;DIR7_NOM INST69;DIR7_ROL INST69;DIR7_PRO INST69;DIR8_NOM INST69;DIR8_ROL INST69;DIR8_PRO INST69;DIR9_NOM INST69;DIR9_ROL INST69;DIR9_PRO INST69
70;UNIVERSIDAD DE CHILE;ROSA DEVÉS ALESSANDRI;SIN PROCESO CNED;DIR1_NOM INST70;DIR1_ROL INST70;DIR1_PRO INST70;DIR2_NOM INST70;DIR2_ROL INST70;DIR2_PRO INST70;DIR3_NOM INST70;DIR3_ROL INST70;DIR3_PRO INST70;DIR4_NOM INST70;DIR4_ROL INST70;DIR4_PRO INST70;DIR5_NOM INST70;DIR5_ROL INST70;DIR5_PRO INST70;DIR6_NOM INST70;DIR6_ROL INST70;DIR6_PRO INST70;DIR7_NOM INST70;DIR7_ROL INST70;DIR7_PRO INST70;DIR8_NOM INST70;DIR8_ROL INST70;DIR8_PRO INST70;DIR9_NOM INST70;DIR9_ROL INST70;DIR9_PRO INST70
71;UNIVERSIDAD DE SANTIAGO DE CHILE;RODRIGO VIDAL ROJAS;SIN PROCESO CNED;DIR1_NOM INST71;DIR1_ROL INST71;DIR1_PRO INST71;DIR2_NOM INST71;DIR2_ROL INST71;DIR2_PRO INST71;DIR3_NOM INST71;DIR3_ROL INST71;DIR3_PRO INST71;DIR4_NOM INST71;DIR4_ROL INST71;DIR4_PRO INST71;DIR5_NOM INST71;DIR5_ROL INST71;DIR5_PRO INST71;DIR6_NOM INST71;DIR6_ROL INST71;DIR6_PRO INST71;DIR7_NOM INST71;DIR7_ROL INST71;DIR7_PRO INST71;DIR8_NOM INST71;DIR8_ROL INST71;DIR8_PRO INST71;DIR9_NOM INST71;DIR9_ROL INST71;DIR9_PRO INST71
72;UNIVERSIDAD DE VALPARAÍSO;OSVALDO CORRALES JORQUERA;SIN PROCESO CNED;DIR1_NOM INST72;DIR1_ROL INST72;DIR1_PRO INST72;DIR2_NOM INST72;DIR2_ROL INST72;DIR2_PRO INST72;DIR3_NOM INST72;DIR3_ROL INST72;DIR3_PRO INST72;DIR4_NOM INST72;DIR4_ROL INST72;DIR4_PRO INST72;DIR5_NOM INST72;DIR5_ROL INST72;DIR5_PRO INST72;DIR6_NOM INST72;DIR6_ROL INST72;DIR6_PRO INST72;DIR7_NOM INST72;DIR7_ROL INST72;DIR7_PRO INST72;DIR8_NOM INST72;DIR8_ROL INST72;DIR8_PRO INST72;DIR9_NOM INST72;DIR9_ROL INST72;DIR9_PRO INST72
73;UNIVERSIDAD DE ANTOFAGASTA;MARCOS CIKUTOVIC SALAS;SIN PROCESO CNED;DIR1_NOM INST73;DIR1_ROL INST73;DIR1_PRO INST73;DIR2_NOM INST73;DIR2_ROL INST73;DIR2_PRO INST73;DIR3_NOM INST73;DIR3_ROL INST73;DIR3_PRO INST73;DIR4_NOM INST73;DIR4_ROL INST73;DIR4_PRO INST73;DIR5_NOM INST73;DIR5_ROL INST73;DIR5_PRO INST73;DIR6_NOM INST73;DIR6_ROL INST73;DIR6_PRO INST73;DIR7_NOM INST73;DIR7_ROL INST73;DIR7_PRO INST73;DIR8_NOM INST73;DIR8_ROL INST73;DIR8_PRO INST73;DIR9_NOM INST73;DIR9_ROL INST73;DIR9_PRO INST73
74;UNIVERSIDAD DE LA SERENA;LUPERFINA ROJAS ESCOBAR;SIN PROCESO CNED;DIR1_NOM INST74;DIR1_ROL INST74;DIR1_PRO INST74;DIR2_NOM INST74;DIR2_ROL INST74;DIR2_PRO INST74;DIR3_NOM INST74;DIR3_ROL INST74;DIR3_PRO INST74;DIR4_NOM INST74;DIR4_ROL INST74;DIR4_PRO INST74;DIR5_NOM INST74;DIR5_ROL INST74;DIR5_PRO INST74;DIR6_NOM INST74;DIR6_ROL INST74;DIR6_PRO INST74;DIR7_NOM INST74;DIR7_ROL INST74;DIR7_PRO INST74;DIR8_NOM INST74;DIR8_ROL INST74;DIR8_PRO INST74;DIR9_NOM INST74;DIR9_ROL INST74;DIR9_PRO INST74
75;UNIVERSIDAD DEL BÍO-BÍO;BENITO UMAÑA HERMOSILLA;SIN PROCESO CNED;DIR1_NOM INST75;DIR1_ROL INST75;DIR1_PRO INST75;DIR2_NOM INST75;DIR2_ROL INST75;DIR2_PRO INST75;DIR3_NOM INST75;DIR3_ROL INST75;DIR3_PRO INST75;DIR4_NOM INST75;DIR4_ROL INST75;DIR4_PRO INST75;DIR5_NOM INST75;DIR5_ROL INST75;DIR5_PRO INST75;DIR6_NOM INST75;DIR6_ROL INST75;DIR6_PRO INST75;DIR7_NOM INST75;DIR7_ROL INST75;DIR7_PRO INST75;DIR8_NOM INST75;DIR8_ROL INST75;DIR8_PRO INST75;DIR9_NOM INST75;DIR9_ROL INST75;DIR9_PRO INST75
76;UNIVERSIDAD DE LA FRONTERA;EDUARDO HEBEL WEISS;SIN PROCESO CNED;DIR1_NOM INST76;DIR1_ROL INST76;DIR1_PRO INST76;DIR2_NOM INST76;DIR2_ROL INST76;DIR2_PRO INST76;DIR3_NOM INST76;DIR3_ROL INST76;DIR3_PRO INST76;DIR4_NOM INST76;DIR4_ROL INST76;DIR4_PRO INST76;DIR5_NOM INST76;DIR5_ROL INST76;DIR5_PRO INST76;DIR6_NOM INST76;DIR6_ROL INST76;DIR6_PRO INST76;DIR7_NOM INST76;DIR7_ROL INST76;DIR7_PRO INST76;DIR8_NOM INST76;DIR8_ROL INST76;DIR8_PRO INST76;DIR9_NOM INST76;DIR9_ROL INST76;DIR9_PRO INST76
77;UNIVERSIDAD DE MAGALLANES;JOSÉ MARIPANI MARIPANI;SIN PROCESO CNED;DIR1_NOM INST77;DIR1_ROL INST77;DIR1_PRO INST77;DIR2_NOM INST77;DIR2_ROL INST77;DIR2_PRO INST77;DIR3_NOM INST77;DIR3_ROL INST77;DIR3_PRO INST77;DIR4_NOM INST77;DIR4_ROL INST77;DIR4_PRO INST77;DIR5_NOM INST77;DIR5_ROL INST77;DIR5_PRO INST77;DIR6_NOM INST77;DIR6_ROL INST77;DIR6_PRO INST77;DIR7_NOM INST77;DIR7_ROL INST77;DIR7_PRO INST77;DIR8_NOM INST77;DIR8_ROL INST77;DIR8_PRO INST77;DIR9_NOM INST77;DIR9_ROL INST77;DIR9_PRO INST77
78;UNIVERSIDAD DE TALCA;CARLOS TORRES FUCHSLOCHER;SIN PROCESO CNED;DIR1_NOM INST78;DIR1_ROL INST78;DIR1_PRO INST78;DIR2_NOM INST78;DIR2_ROL INST78;DIR2_PRO INST78;DIR3_NOM INST78;DIR3_ROL INST78;DIR3_PRO INST78;DIR4_NOM INST78;DIR4_ROL INST78;DIR4_PRO INST78;DIR5_NOM INST78;DIR5_ROL INST78;DIR5_PRO INST78;DIR6_NOM INST78;DIR6_ROL INST78;DIR6_PRO INST78;DIR7_NOM INST78;DIR7_ROL INST78;DIR7_PRO INST78;DIR8_NOM INST78;DIR8_ROL INST78;DIR8_PRO INST78;DIR9_NOM INST78;DIR9_ROL INST78;DIR9_PRO INST78
79;UNIVERSIDAD DE ATACAMA;CELSO ARIAS MORA;SIN PROCESO CNED;DIR1_NOM INST79;DIR1_ROL INST79;DIR1_PRO INST79;DIR2_NOM INST79;DIR2_ROL INST79;DIR2_PRO INST79;DIR3_NOM INST79;DIR3_ROL INST79;DIR3_PRO INST79;DIR4_NOM INST79;DIR4_ROL INST79;DIR4_PRO INST79;DIR5_NOM INST79;DIR5_ROL INST79;DIR5_PRO INST79;DIR6_NOM INST79;DIR6_ROL INST79;DIR6_PRO INST79;DIR7_NOM INST79;DIR7_ROL INST79;DIR7_PRO INST79;DIR8_NOM INST79;DIR8_ROL INST79;DIR8_PRO INST79;DIR9_NOM INST79;DIR9_ROL INST79;DIR9_PRO INST79
80;UNIVERSIDAD DE TARAPACÁ;EMILIO RODRÍGUEZ PONCE;SIN PROCESO CNED;DIR1_NOM INST80;DIR1_ROL INST80;DIR1_PRO INST80;DIR2_NOM INST80;DIR2_ROL INST80;DIR2_PRO INST80;DIR3_NOM INST80;DIR3_ROL INST80;DIR3_PRO INST80;DIR4_NOM INST80;DIR4_ROL INST80;DIR4_PRO INST80;DIR5_NOM INST80;DIR5_ROL INST80;DIR5_PRO INST80;DIR6_NOM INST80;DIR6_ROL INST80;DIR6_PRO INST80;DIR7_NOM INST80;DIR7_ROL INST80;DIR7_PRO INST80;DIR8_NOM INST80;DIR8_ROL INST80;DIR8_PRO INST80;DIR9_NOM INST80;DIR9_ROL INST80;DIR9_PRO INST80
81;UNIVERSIDAD ARTURO PRAT;ALBERTO MARTÍNEZ QUEZADA;SIN PROCESO CNED;DIR1_NOM INST81;DIR1_ROL INST81;DIR1_PRO INST81;DIR2_NOM INST81;DIR2_ROL INST81;DIR2_PRO INST81;DIR3_NOM INST81;DIR3_ROL INST81;DIR3_PRO INST81;DIR4_NOM INST81;DIR4_ROL INST81;DIR4_PRO INST81;DIR5_NOM INST81;DIR5_ROL INST81;DIR5_PRO INST81;DIR6_NOM INST81;DIR6_ROL INST81;DIR6_PRO INST81;DIR7_NOM INST81;DIR7_ROL INST81;DIR7_PRO INST81;DIR8_NOM INST81;DIR8_ROL INST81;DIR8_PRO INST81;DIR9_NOM INST81;DIR9_ROL INST81;DIR9_PRO INST81
82;UNIVERSIDAD METROPOLITANA DE CIENCIAS DE LA EDUCACIÓN;ELISA ARAYA CORTEZ;SIN PROCESO CNED;DIR1_NOM INST82;DIR1_ROL INST82;DIR1_PRO INST82;DIR2_NOM INST82;DIR2_ROL INST82;DIR2_PRO INST82;DIR3_NOM INST82;DIR3_ROL INST82;DIR3_PRO INST82;DIR4_NOM INST82;DIR4_ROL INST82;DIR4_PRO INST82;DIR5_NOM INST82;DIR5_ROL INST82;DIR5_PRO INST82;DIR6_NOM INST82;DIR6_ROL INST82;DIR6_PRO INST82;DIR7_NOM INST82;DIR7_ROL INST82;DIR7_PRO INST82;DIR8_NOM INST82;DIR8_ROL INST82;DIR8_PRO INST82;DIR9_NOM INST82;DIR9_ROL INST82;DIR9_PRO INST82
83;UNIVERSIDAD DE PLAYA ANCHA DE CIENCIAS DE LA EDUCACIÓN;CARLOS GONZÁLEZ MORALES;SIN PROCESO CNED;DIR1_NOM INST83;DIR1_ROL INST83;DIR1_PRO INST83;DIR2_NOM INST83;DIR2_ROL INST83;DIR2_PRO INST83;DIR3_NOM INST83;DIR3_ROL INST83;DIR3_PRO INST83;DIR4_NOM INST83;DIR4_ROL INST83;DIR4_PRO INST83;DIR5_NOM INST83;DIR5_ROL INST83;DIR5_PRO INST83;DIR6_NOM INST83;DIR6_ROL INST83;DIR6_PRO INST83;DIR7_NOM INST83;DIR7_ROL INST83;DIR7_PRO INST83;DIR8_NOM INST83;DIR8_ROL INST83;DIR8_PRO INST83;DIR9_NOM INST83;DIR9_ROL INST83;DIR9_PRO INST83
84;UNIVERSIDAD DE LOS LAGOS;ÓSCAR GARRIDO ÁLVAREZ;SIN PROCESO CNED;DIR1_NOM INST84;DIR1_ROL INST84;DIR1_PRO INST84;DIR2_NOM INST84;DIR2_ROL INST84;DIR2_PRO INST84;DIR3_NOM INST84;DIR3_ROL INST84;DIR3_PRO INST84;DIR4_NOM INST84;DIR4_ROL INST84;DIR4_PRO INST84;DIR5_NOM INST84;DIR5_ROL INST84;DIR5_PRO INST84;DIR6_NOM INST84;DIR6_ROL INST84;DIR6_PRO INST84;DIR7_NOM INST84;DIR7_ROL INST84;DIR7_PRO INST84;DIR8_NOM INST84;DIR8_ROL INST84;DIR8_PRO INST84;DIR9_NOM INST84;DIR9_ROL INST84;DIR9_PRO INST84
85;UNIVERSIDAD TECNOLÓGICA METROPOLITANA;MARISOL DURÁN SANTIS;SIN PROCESO CNED;DIR1_NOM INST85;DIR1_ROL INST85;DIR1_PRO INST85;DIR2_NOM INST85;DIR2_ROL INST85;DIR2_PRO INST85;DIR3_NOM INST85;DIR3_ROL INST85;DIR3_PRO INST85;DIR4_NOM INST85;DIR4_ROL INST85;DIR4_PRO INST85;DIR5_NOM INST85;DIR5_ROL INST85;DIR5_PRO INST85;DIR6_NOM INST85;DIR6_ROL INST85;DIR6_PRO INST85;DIR7_NOM INST85;DIR7_ROL INST85;DIR7_PRO INST85;DIR8_NOM INST85;DIR8_ROL INST85;DIR8_PRO INST85;DIR9_NOM INST85;DIR9_ROL INST85;DIR9_PRO INST85
86;PONTIFICIA UNIVERSIDAD CATÓLICA DE CHILE;JUAN CARLOS DE LA LLERA MARTÍN;SIN PROCESO CNED;DIR1_NOM INST86;DIR1_ROL INST86;DIR1_PRO INST86;DIR2_NOM INST86;DIR2_ROL INST86;DIR2_PRO INST86;DIR3_NOM INST86;DIR3_ROL INST86;DIR3_PRO INST86;DIR4_NOM INST86;DIR4_ROL INST86;DIR4_PRO INST86;DIR5_NOM INST86;DIR5_ROL INST86;DIR5_PRO INST86;DIR6_NOM INST86;DIR6_ROL INST86;DIR6_PRO INST86;DIR7_NOM INST86;DIR7_ROL INST86;DIR7_PRO INST86;DIR8_NOM INST86;DIR8_ROL INST86;DIR8_PRO INST86;DIR9_NOM INST86;DIR9_ROL INST86;DIR9_PRO INST86
87;UNIVERSIDAD DE CONCEPCIÓN;CARLOS SAAVEDRA RUBILAR;SIN PROCESO CNED;DIR1_NOM INST87;DIR1_ROL INST87;DIR1_PRO INST87;DIR2_NOM INST87;DIR2_ROL INST87;DIR2_PRO INST87;DIR3_NOM INST87;DIR3_ROL INST87;DIR3_PRO INST87;DIR4_NOM INST87;DIR4_ROL INST87;DIR4_PRO INST87;DIR5_NOM INST87;DIR5_ROL INST87;DIR5_PRO INST87;DIR6_NOM INST87;DIR6_ROL INST87;DIR6_PRO INST87;DIR7_NOM INST87;DIR7_ROL INST87;DIR7_PRO INST87;DIR8_NOM INST87;DIR8_ROL INST87;DIR8_PRO INST87;DIR9_NOM INST87;DIR9_ROL INST87;DIR9_PRO INST87
88;UNIVERSIDAD TÉCNICA FEDERICO SANTA MARÍA;JUAN IGNACIO YUZ EISSMANN;SIN PROCESO CNED;DIR1_NOM INST88;DIR1_ROL INST88;DIR1_PRO INST88;DIR2_NOM INST88;DIR2_ROL INST88;DIR2_PRO INST88;DIR3_NOM INST88;DIR3_ROL INST88;DIR3_PRO INST88;DIR4_NOM INST88;DIR4_ROL INST88;DIR4_PRO INST88;DIR5_NOM INST88;DIR5_ROL INST88;DIR5_PRO INST88;DIR6_NOM INST88;DIR6_ROL INST88;DIR6_PRO INST88;DIR7_NOM INST88;DIR7_ROL INST88;DIR7_PRO INST88;DIR8_NOM INST88;DIR8_ROL INST88;DIR8_PRO INST88;DIR9_NOM INST88;DIR9_ROL INST88;DIR9_PRO INST88
89;PONTIFICIA UNIVERSIDAD CATÓLICA DE VALPARAÍSO;NELSÓN VÁSQUEZ LARA;SIN PROCESO CNED;DIR1_NOM INST89;DIR1_ROL INST89;DIR1_PRO INST89;DIR2_NOM INST89;DIR2_ROL INST89;DIR2_PRO INST89;DIR3_NOM INST89;DIR3_ROL INST89;DIR3_PRO INST89;DIR4_NOM INST89;DIR4_ROL INST89;DIR4_PRO INST89;DIR5_NOM INST89;DIR5_ROL INST89;DIR5_PRO INST89;DIR6_NOM INST89;DIR6_ROL INST89;DIR6_PRO INST89;DIR7_NOM INST89;DIR7_ROL INST89;DIR7_PRO INST89;DIR8_NOM INST89;DIR8_ROL INST89;DIR8_PRO INST89;DIR9_NOM INST89;DIR9_ROL INST89;DIR9_PRO INST89
90;UNIVERSIDAD AUSTRAL DE CHILE;EGON MONTECINOS MONTECINOS;SIN PROCESO CNED;DIR1_NOM INST90;DIR1_ROL INST90;DIR1_PRO INST90;DIR2_NOM INST90;DIR2_ROL INST90;DIR2_PRO INST90;DIR3_NOM INST90;DIR3_ROL INST90;DIR3_PRO INST90;DIR4_NOM INST90;DIR4_ROL INST90;DIR4_PRO INST90;DIR5_NOM INST90;DIR5_ROL INST90;DIR5_PRO INST90;DIR6_NOM INST90;DIR6_ROL INST90;DIR6_PRO INST90;DIR7_NOM INST90;DIR7_ROL INST90;DIR7_PRO INST90;DIR8_NOM INST90;DIR8_ROL INST90;DIR8_PRO INST90;DIR9_NOM INST90;DIR9_ROL INST90;DIR9_PRO INST90
91;UNIVERSIDAD CATÓLICA DEL NORTE;RODRIGO ALDA VARAS ;SIN PROCESO CNED;DIR1_NOM INST91;DIR1_ROL INST91;DIR1_PRO INST91;DIR2_NOM INST91;DIR2_ROL INST91;DIR2_PRO INST91;DIR3_NOM INST91;DIR3_ROL INST91;DIR3_PRO INST91;DIR4_NOM INST91;DIR4_ROL INST91;DIR4_PRO INST91;DIR5_NOM INST91;DIR5_ROL INST91;DIR5_PRO INST91;DIR6_NOM INST91;DIR6_ROL INST91;DIR6_PRO INST91;DIR7_NOM INST91;DIR7_ROL INST91;DIR7_PRO INST91;DIR8_NOM INST91;DIR8_ROL INST91;DIR8_PRO INST91;DIR9_NOM INST91;DIR9_ROL INST91;DIR9_PRO INST91
92;UNIVERSIDAD CATÓLICA DEL MAULE;DIEGO PABLO DURÁN JARA;SIN PROCESO CNED;DIR1_NOM INST92;DIR1_ROL INST92;DIR1_PRO INST92;DIR2_NOM INST92;DIR2_ROL INST92;DIR2_PRO INST92;DIR3_NOM INST92;DIR3_ROL INST92;DIR3_PRO INST92;DIR4_NOM INST92;DIR4_ROL INST92;DIR4_PRO INST92;DIR5_NOM INST92;DIR5_ROL INST92;DIR5_PRO INST92;DIR6_NOM INST92;DIR6_ROL INST92;DIR6_PRO INST92;DIR7_NOM INST92;DIR7_ROL INST92;DIR7_PRO INST92;DIR8_NOM INST92;DIR8_ROL INST92;DIR8_PRO INST92;DIR9_NOM INST92;DIR9_ROL INST92;DIR9_PRO INST92
93;UNIVERSIDAD CATÓLICA DE LA SANTÍSIMA CONCEPCIÓN;CRISTHIAN RODRIGO MELLADO CID;SIN PROCESO CNED;DIR1_NOM INST93;DIR1_ROL INST93;DIR1_PRO INST93;DIR2_NOM INST93;DIR2_ROL INST93;DIR2_PRO INST93;DIR3_NOM INST93;DIR3_ROL INST93;DIR3_PRO INST93;DIR4_NOM INST93;DIR4_ROL INST93;DIR4_PRO INST93;DIR5_NOM INST93;DIR5_ROL INST93;DIR5_PRO INST93;DIR6_NOM INST93;DIR6_ROL INST93;DIR6_PRO INST93;DIR7_NOM INST93;DIR7_ROL INST93;DIR7_PRO INST93;DIR8_NOM INST93;DIR8_ROL INST93;DIR8_PRO INST93;DIR9_NOM INST93;DIR9_ROL INST93;DIR9_PRO INST93
94;UNIVERSIDAD CATÓLICA DE TEMUCO;MARCELA MOMBER ALARCÓN;SIN PROCESO CNED;DIR1_NOM INST94;DIR1_ROL INST94;DIR1_PRO INST94;DIR2_NOM INST94;DIR2_ROL INST94;DIR2_PRO INST94;DIR3_NOM INST94;DIR3_ROL INST94;DIR3_PRO INST94;DIR4_NOM INST94;DIR4_ROL INST94;DIR4_PRO INST94;DIR5_NOM INST94;DIR5_ROL INST94;DIR5_PRO INST94;DIR6_NOM INST94;DIR6_ROL INST94;DIR6_PRO INST94;DIR7_NOM INST94;DIR7_ROL INST94;DIR7_PRO INST94;DIR8_NOM INST94;DIR8_ROL INST94;DIR8_PRO INST94;DIR9_NOM INST94;DIR9_ROL INST94;DIR9_PRO INST94
99;IP AGRARIO ADOLFO MATTHEI;INGRID ELIZABETH LUNA FARFÁN;SIN PROCESO CNED;DIR1_NOM INST99;DIR1_ROL INST99;DIR1_PRO INST99;DIR2_NOM INST99;DIR2_ROL INST99;DIR2_PRO INST99;DIR3_NOM INST99;DIR3_ROL INST99;DIR3_PRO INST99;DIR4_NOM INST99;DIR4_ROL INST99;DIR4_PRO INST99;DIR5_NOM INST99;DIR5_ROL INST99;DIR5_PRO INST99;DIR6_NOM INST99;DIR6_ROL INST99;DIR6_PRO INST99;DIR7_NOM INST99;DIR7_ROL INST99;DIR7_PRO INST99;DIR8_NOM INST99;DIR8_ROL INST99;DIR8_PRO INST99;DIR9_NOM INST99;DIR9_ROL INST99;DIR9_PRO INST99
100;IP INACAP;LUIS EDUARDO PRIETO;SIN PROCESO CNED;DIR1_NOM INST100;DIR1_ROL INST100;DIR1_PRO INST100;DIR2_NOM INST100;DIR2_ROL INST100;DIR2_PRO INST100;DIR3_NOM INST100;DIR3_ROL INST100;DIR3_PRO INST100;DIR4_NOM INST100;DIR4_ROL INST100;DIR4_PRO INST100;DIR5_NOM INST100;DIR5_ROL INST100;DIR5_PRO INST100;DIR6_NOM INST100;DIR6_ROL INST100;DIR6_PRO INST100;DIR7_NOM INST100;DIR7_ROL INST100;DIR7_PRO INST100;DIR8_NOM INST100;DIR8_ROL INST100;DIR8_PRO INST100;DIR9_NOM INST100;DIR9_ROL INST100;DIR9_PRO INST100
101;IP LIBERTADOR DE LOS ANDES;ISKANDER PORRA ALMEIDA;SIN PROCESO CNED;DIR1_NOM INST101;DIR1_ROL INST101;DIR1_PRO INST101;DIR2_NOM INST101;DIR2_ROL INST101;DIR2_PRO INST101;DIR3_NOM INST101;DIR3_ROL INST101;DIR3_PRO INST101;DIR4_NOM INST101;DIR4_ROL INST101;DIR4_PRO INST101;DIR5_NOM INST101;DIR5_ROL INST101;DIR5_PRO INST101;DIR6_NOM INST101;DIR6_ROL INST101;DIR6_PRO INST101;DIR7_NOM INST101;DIR7_ROL INST101;DIR7_PRO INST101;DIR8_NOM INST101;DIR8_ROL INST101;DIR8_PRO INST101;DIR9_NOM INST101;DIR9_ROL INST101;DIR9_PRO INST101
103;IP GUILLERMO SUBERCASEAUX;LUCÍA PARDO VÁSQUEZ;SIN PROCESO CNED;DIR1_NOM INST103;DIR1_ROL INST103;DIR1_PRO INST103;DIR2_NOM INST103;DIR2_ROL INST103;DIR2_PRO INST103;DIR3_NOM INST103;DIR3_ROL INST103;DIR3_PRO INST103;DIR4_NOM INST103;DIR4_ROL INST103;DIR4_PRO INST103;DIR5_NOM INST103;DIR5_ROL INST103;DIR5_PRO INST103;DIR6_NOM INST103;DIR6_ROL INST103;DIR6_PRO INST103;DIR7_NOM INST103;DIR7_ROL INST103;DIR7_PRO INST103;DIR8_NOM INST103;DIR8_ROL INST103;DIR8_PRO INST103;DIR9_NOM INST103;DIR9_ROL INST103;DIR9_PRO INST103
104;IP ESCUELA DE CONTADORES AUDITORES DE SANTIAGO;RODRIGO CERÓN PRANDI;SIN PROCESO CNED;DIR1_NOM INST104;DIR1_ROL INST104;DIR1_PRO INST104;DIR2_NOM INST104;DIR2_ROL INST104;DIR2_PRO INST104;DIR3_NOM INST104;DIR3_ROL INST104;DIR3_PRO INST104;DIR4_NOM INST104;DIR4_ROL INST104;DIR4_PRO INST104;DIR5_NOM INST104;DIR5_ROL INST104;DIR5_PRO INST104;DIR6_NOM INST104;DIR6_ROL INST104;DIR6_PRO INST104;DIR7_NOM INST104;DIR7_ROL INST104;DIR7_PRO INST104;DIR8_NOM INST104;DIR8_ROL INST104;DIR8_PRO INST104;DIR9_NOM INST104;DIR9_ROL INST104;DIR9_PRO INST104
106;IP PROVIDENCIA;LUIS EDUARDO HERNÁNDEZ SCHÄFER;SIN PROCESO CNED;DIR1_NOM INST106;DIR1_ROL INST106;DIR1_PRO INST106;DIR2_NOM INST106;DIR2_ROL INST106;DIR2_PRO INST106;DIR3_NOM INST106;DIR3_ROL INST106;DIR3_PRO INST106;DIR4_NOM INST106;DIR4_ROL INST106;DIR4_PRO INST106;DIR5_NOM INST106;DIR5_ROL INST106;DIR5_PRO INST106;DIR6_NOM INST106;DIR6_ROL INST106;DIR6_PRO INST106;DIR7_NOM INST106;DIR7_ROL INST106;DIR7_PRO INST106;DIR8_NOM INST106;DIR8_ROL INST106;DIR8_PRO INST106;DIR9_NOM INST106;DIR9_ROL INST106;DIR9_PRO INST106
108;IP CHILENO BRITÁNICO DE CULTURA;JORGE MESÍAS GONZÁLEZ;SIN PROCESO CNED;DIR1_NOM INST108;DIR1_ROL INST108;DIR1_PRO INST108;DIR2_NOM INST108;DIR2_ROL INST108;DIR2_PRO INST108;DIR3_NOM INST108;DIR3_ROL INST108;DIR3_PRO INST108;DIR4_NOM INST108;DIR4_ROL INST108;DIR4_PRO INST108;DIR5_NOM INST108;DIR5_ROL INST108;DIR5_PRO INST108;DIR6_NOM INST108;DIR6_ROL INST108;DIR6_PRO INST108;DIR7_NOM INST108;DIR7_ROL INST108;DIR7_PRO INST108;DIR8_NOM INST108;DIR8_ROL INST108;DIR8_PRO INST108;DIR9_NOM INST108;DIR9_ROL INST108;DIR9_PRO INST108
111;IP DUOC UC;CARLOS DÍAZ VERGARA;SIN PROCESO CNED;DIR1_NOM INST111;DIR1_ROL INST111;DIR1_PRO INST111;DIR2_NOM INST111;DIR2_ROL INST111;DIR2_PRO INST111;DIR3_NOM INST111;DIR3_ROL INST111;DIR3_PRO INST111;DIR4_NOM INST111;DIR4_ROL INST111;DIR4_PRO INST111;DIR5_NOM INST111;DIR5_ROL INST111;DIR5_PRO INST111;DIR6_NOM INST111;DIR6_ROL INST111;DIR6_PRO INST111;DIR7_NOM INST111;DIR7_ROL INST111;DIR7_PRO INST111;DIR8_NOM INST111;DIR8_ROL INST111;DIR8_PRO INST111;DIR9_NOM INST111;DIR9_ROL INST111;DIR9_PRO INST111
113;IP IPG;RICARDO SOBARZO ZAMBRANO;SIN PROCESO CNED;DIR1_NOM INST113;DIR1_ROL INST113;DIR1_PRO INST113;DIR2_NOM INST113;DIR2_ROL INST113;DIR2_PRO INST113;DIR3_NOM INST113;DIR3_ROL INST113;DIR3_PRO INST113;DIR4_NOM INST113;DIR4_ROL INST113;DIR4_PRO INST113;DIR5_NOM INST113;DIR5_ROL INST113;DIR5_PRO INST113;DIR6_NOM INST113;DIR6_ROL INST113;DIR6_PRO INST113;DIR7_NOM INST113;DIR7_ROL INST113;DIR7_PRO INST113;DIR8_NOM INST113;DIR8_ROL INST113;DIR8_PRO INST113;DIR9_NOM INST113;DIR9_ROL INST113;DIR9_PRO INST113
116;IP SANTO TOMÁS;JUAN PABLO GUZMÁN ALDUNATE;SIN PROCESO CNED;DIR1_NOM INST116;DIR1_ROL INST116;DIR1_PRO INST116;DIR2_NOM INST116;DIR2_ROL INST116;DIR2_PRO INST116;DIR3_NOM INST116;DIR3_ROL INST116;DIR3_PRO INST116;DIR4_NOM INST116;DIR4_ROL INST116;DIR4_PRO INST116;DIR5_NOM INST116;DIR5_ROL INST116;DIR5_PRO INST116;DIR6_NOM INST116;DIR6_ROL INST116;DIR6_PRO INST116;DIR7_NOM INST116;DIR7_ROL INST116;DIR7_PRO INST116;DIR8_NOM INST116;DIR8_ROL INST116;DIR8_PRO INST116;DIR9_NOM INST116;DIR9_ROL INST116;DIR9_PRO INST116
117;IP IACC;ÁLVARO FUENZALIDA;SIN PROCESO CNED;DIR1_NOM INST117;DIR1_ROL INST117;DIR1_PRO INST117;DIR2_NOM INST117;DIR2_ROL INST117;DIR2_PRO INST117;DIR3_NOM INST117;DIR3_ROL INST117;DIR3_PRO INST117;DIR4_NOM INST117;DIR4_ROL INST117;DIR4_PRO INST117;DIR5_NOM INST117;DIR5_ROL INST117;DIR5_PRO INST117;DIR6_NOM INST117;DIR6_ROL INST117;DIR6_PRO INST117;DIR7_NOM INST117;DIR7_ROL INST117;DIR7_PRO INST117;DIR8_NOM INST117;DIR8_ROL INST117;DIR8_PRO INST117;DIR9_NOM INST117;DIR9_ROL INST117;DIR9_PRO INST117
120;IP DIEGO PORTALES;LUIS BELTRÁN TRONCOSO;SIN PROCESO CNED;DIR1_NOM INST120;DIR1_ROL INST120;DIR1_PRO INST120;DIR2_NOM INST120;DIR2_ROL INST120;DIR2_PRO INST120;DIR3_NOM INST120;DIR3_ROL INST120;DIR3_PRO INST120;DIR4_NOM INST120;DIR4_ROL INST120;DIR4_PRO INST120;DIR5_NOM INST120;DIR5_ROL INST120;DIR5_PRO INST120;DIR6_NOM INST120;DIR6_ROL INST120;DIR6_PRO INST120;DIR7_NOM INST120;DIR7_ROL INST120;DIR7_PRO INST120;DIR8_NOM INST120;DIR8_ROL INST120;DIR8_PRO INST120;DIR9_NOM INST120;DIR9_ROL INST120;DIR9_PRO INST120
123;IP DE CHILE;ANAMARI MARTÍNEZ ORTEGUI;SIN PROCESO CNED;DIR1_NOM INST123;DIR1_ROL INST123;DIR1_PRO INST123;DIR2_NOM INST123;DIR2_ROL INST123;DIR2_PRO INST123;DIR3_NOM INST123;DIR3_ROL INST123;DIR3_PRO INST123;DIR4_NOM INST123;DIR4_ROL INST123;DIR4_PRO INST123;DIR5_NOM INST123;DIR5_ROL INST123;DIR5_PRO INST123;DIR6_NOM INST123;DIR6_ROL INST123;DIR6_PRO INST123;DIR7_NOM INST123;DIR7_ROL INST123;DIR7_PRO INST123;DIR8_NOM INST123;DIR8_ROL INST123;DIR8_PRO INST123;DIR9_NOM INST123;DIR9_ROL INST123;DIR9_PRO INST123
129;IP ESCUELA MODERNA DE MÚSICA;VIVIEN WURMAN SCHAPIRO;SIN PROCESO CNED;DIR1_NOM INST129;DIR1_ROL INST129;DIR1_PRO INST129;DIR2_NOM INST129;DIR2_ROL INST129;DIR2_PRO INST129;DIR3_NOM INST129;DIR3_ROL INST129;DIR3_PRO INST129;DIR4_NOM INST129;DIR4_ROL INST129;DIR4_PRO INST129;DIR5_NOM INST129;DIR5_ROL INST129;DIR5_PRO INST129;DIR6_NOM INST129;DIR6_ROL INST129;DIR6_PRO INST129;DIR7_NOM INST129;DIR7_ROL INST129;DIR7_PRO INST129;DIR8_NOM INST129;DIR8_ROL INST129;DIR8_PRO INST129;DIR9_NOM INST129;DIR9_ROL INST129;DIR9_PRO INST129
132;IP ESUCOMEX;MARIA TERESA ARRIAGADA;SIN PROCESO CNED;DIR1_NOM INST132;DIR1_ROL INST132;DIR1_PRO INST132;DIR2_NOM INST132;DIR2_ROL INST132;DIR2_PRO INST132;DIR3_NOM INST132;DIR3_ROL INST132;DIR3_PRO INST132;DIR4_NOM INST132;DIR4_ROL INST132;DIR4_PRO INST132;DIR5_NOM INST132;DIR5_ROL INST132;DIR5_PRO INST132;DIR6_NOM INST132;DIR6_ROL INST132;DIR6_PRO INST132;DIR7_NOM INST132;DIR7_ROL INST132;DIR7_PRO INST132;DIR8_NOM INST132;DIR8_ROL INST132;DIR8_PRO INST132;DIR9_NOM INST132;DIR9_ROL INST132;DIR9_PRO INST132
137;IP EATRI;HUMBERTO RODRIGO GAETE BASCOUR;SIN PROCESO CNED;DIR1_NOM INST137;DIR1_ROL INST137;DIR1_PRO INST137;DIR2_NOM INST137;DIR2_ROL INST137;DIR2_PRO INST137;DIR3_NOM INST137;DIR3_ROL INST137;DIR3_PRO INST137;DIR4_NOM INST137;DIR4_ROL INST137;DIR4_PRO INST137;DIR5_NOM INST137;DIR5_ROL INST137;DIR5_PRO INST137;DIR6_NOM INST137;DIR6_ROL INST137;DIR6_PRO INST137;DIR7_NOM INST137;DIR7_ROL INST137;DIR7_PRO INST137;DIR8_NOM INST137;DIR8_ROL INST137;DIR8_PRO INST137;DIR9_NOM INST137;DIR9_ROL INST137;DIR9_PRO INST137
139;IP VIRGINIO GÓMEZ;ADELIO MATAMALA VÁSQUEZ;SIN PROCESO CNED;DIR1_NOM INST139;DIR1_ROL INST139;DIR1_PRO INST139;DIR2_NOM INST139;DIR2_ROL INST139;DIR2_PRO INST139;DIR3_NOM INST139;DIR3_ROL INST139;DIR3_PRO INST139;DIR4_NOM INST139;DIR4_ROL INST139;DIR4_PRO INST139;DIR5_NOM INST139;DIR5_ROL INST139;DIR5_PRO INST139;DIR6_NOM INST139;DIR6_ROL INST139;DIR6_PRO INST139;DIR7_NOM INST139;DIR7_ROL INST139;DIR7_PRO INST139;DIR8_NOM INST139;DIR8_ROL INST139;DIR8_PRO INST139;DIR9_NOM INST139;DIR9_ROL INST139;DIR9_PRO INST139
143;IP AIEP;FERNANDO MARTÍNEZ SANTANA;SIN PROCESO CNED;DIR1_NOM INST143;DIR1_ROL INST143;DIR1_PRO INST143;DIR2_NOM INST143;DIR2_ROL INST143;DIR2_PRO INST143;DIR3_NOM INST143;DIR3_ROL INST143;DIR3_PRO INST143;DIR4_NOM INST143;DIR4_ROL INST143;DIR4_PRO INST143;DIR5_NOM INST143;DIR5_ROL INST143;DIR5_PRO INST143;DIR6_NOM INST143;DIR6_ROL INST143;DIR6_PRO INST143;DIR7_NOM INST143;DIR7_ROL INST143;DIR7_PRO INST143;DIR8_NOM INST143;DIR8_ROL INST143;DIR8_PRO INST143;DIR9_NOM INST143;DIR9_ROL INST143;DIR9_PRO INST143
144;IP ARCOS;JOSÉ SANFUENTES PALMA;SIN PROCESO CNED;DIR1_NOM INST144;DIR1_ROL INST144;DIR1_PRO INST144;DIR2_NOM INST144;DIR2_ROL INST144;DIR2_PRO INST144;DIR3_NOM INST144;DIR3_ROL INST144;DIR3_PRO INST144;DIR4_NOM INST144;DIR4_ROL INST144;DIR4_PRO INST144;DIR5_NOM INST144;DIR5_ROL INST144;DIR5_PRO INST144;DIR6_NOM INST144;DIR6_ROL INST144;DIR6_PRO INST144;DIR7_NOM INST144;DIR7_ROL INST144;DIR7_PRO INST144;DIR8_NOM INST144;DIR8_ROL INST144;DIR8_PRO INST144;DIR9_NOM INST144;DIR9_ROL INST144;DIR9_PRO INST144
152;IP LATINOAMERICANO DE COMERCIO EXTERIOR - IPLACEX;ROBERTO BARRIGA TAPIA;SIN PROCESO CNED;DIR1_NOM INST152;DIR1_ROL INST152;DIR1_PRO INST152;DIR2_NOM INST152;DIR2_ROL INST152;DIR2_PRO INST152;DIR3_NOM INST152;DIR3_ROL INST152;DIR3_PRO INST152;DIR4_NOM INST152;DIR4_ROL INST152;DIR4_PRO INST152;DIR5_NOM INST152;DIR5_ROL INST152;DIR5_PRO INST152;DIR6_NOM INST152;DIR6_ROL INST152;DIR6_PRO INST152;DIR7_NOM INST152;DIR7_ROL INST152;DIR7_PRO INST152;DIR8_NOM INST152;DIR8_ROL INST152;DIR8_PRO INST152;DIR9_NOM INST152;DIR9_ROL INST152;DIR9_PRO INST152
155;IP LOS LEONES;EMILIO GAUTIER CRUZ;SIN PROCESO CNED;DIR1_NOM INST155;DIR1_ROL INST155;DIR1_PRO INST155;DIR2_NOM INST155;DIR2_ROL INST155;DIR2_PRO INST155;DIR3_NOM INST155;DIR3_ROL INST155;DIR3_PRO INST155;DIR4_NOM INST155;DIR4_ROL INST155;DIR4_PRO INST155;DIR5_NOM INST155;DIR5_ROL INST155;DIR5_PRO INST155;DIR6_NOM INST155;DIR6_ROL INST155;DIR6_PRO INST155;DIR7_NOM INST155;DIR7_ROL INST155;DIR7_PRO INST155;DIR8_NOM INST155;DIR8_ROL INST155;DIR8_PRO INST155;DIR9_NOM INST155;DIR9_ROL INST155;DIR9_PRO INST155
162;IP SAN SEBASTIÁN;LEONEL VEGA ANDRADE;SIN PROCESO CNED;DIR1_NOM INST162;DIR1_ROL INST162;DIR1_PRO INST162;DIR2_NOM INST162;DIR2_ROL INST162;DIR2_PRO INST162;DIR3_NOM INST162;DIR3_ROL INST162;DIR3_PRO INST162;DIR4_NOM INST162;DIR4_ROL INST162;DIR4_PRO INST162;DIR5_NOM INST162;DIR5_ROL INST162;DIR5_PRO INST162;DIR6_NOM INST162;DIR6_ROL INST162;DIR6_PRO INST162;DIR7_NOM INST162;DIR7_ROL INST162;DIR7_PRO INST162;DIR8_NOM INST162;DIR8_ROL INST162;DIR8_PRO INST162;DIR9_NOM INST162;DIR9_ROL INST162;DIR9_PRO INST162
170;IP CIENCIAS DE LA COMPUTACIÓN ACUARIO DATA;PATRICIO SANTELICES ESCALA;SIN PROCESO CNED;DIR1_NOM INST170;DIR1_ROL INST170;DIR1_PRO INST170;DIR2_NOM INST170;DIR2_ROL INST170;DIR2_PRO INST170;DIR3_NOM INST170;DIR3_ROL INST170;DIR3_PRO INST170;DIR4_NOM INST170;DIR4_ROL INST170;DIR4_PRO INST170;DIR5_NOM INST170;DIR5_ROL INST170;DIR5_PRO INST170;DIR6_NOM INST170;DIR6_ROL INST170;DIR6_PRO INST170;DIR7_NOM INST170;DIR7_ROL INST170;DIR7_PRO INST170;DIR8_NOM INST170;DIR8_ROL INST170;DIR8_PRO INST170;DIR9_NOM INST170;DIR9_ROL INST170;DIR9_PRO INST170
171;IP ESCUELA DE COMERCIO DE SANTIAGO;FERNANDO MARTÍNEZ SANTANA;SIN PROCESO CNED;DIR1_NOM INST171;DIR1_ROL INST171;DIR1_PRO INST171;DIR2_NOM INST171;DIR2_ROL INST171;DIR2_PRO INST171;DIR3_NOM INST171;DIR3_ROL INST171;DIR3_PRO INST171;DIR4_NOM INST171;DIR4_ROL INST171;DIR4_PRO INST171;DIR5_NOM INST171;DIR5_ROL INST171;DIR5_PRO INST171;DIR6_NOM INST171;DIR6_ROL INST171;DIR6_PRO INST171;DIR7_NOM INST171;DIR7_ROL INST171;DIR7_PRO INST171;DIR8_NOM INST171;DIR8_ROL INST171;DIR8_PRO INST171;DIR9_NOM INST171;DIR9_ROL INST171;DIR9_PRO INST171
176;IP DEL VALLE CENTRAL;BERNARDINO SÁNCHEZ;SIN PROCESO CNED;DIR1_NOM INST176;DIR1_ROL INST176;DIR1_PRO INST176;DIR2_NOM INST176;DIR2_ROL INST176;DIR2_PRO INST176;DIR3_NOM INST176;DIR3_ROL INST176;DIR3_PRO INST176;DIR4_NOM INST176;DIR4_ROL INST176;DIR4_PRO INST176;DIR5_NOM INST176;DIR5_ROL INST176;DIR5_PRO INST176;DIR6_NOM INST176;DIR6_ROL INST176;DIR6_PRO INST176;DIR7_NOM INST176;DIR7_ROL INST176;DIR7_PRO INST176;DIR8_NOM INST176;DIR8_ROL INST176;DIR8_PRO INST176;DIR9_NOM INST176;DIR9_ROL INST176;DIR9_PRO INST176
193;IP INSTITUTO NACIONAL DEL FÚTBOL;MARTÍN MIHOVILOVICH CONTRERAS;SIN PROCESO CNED;DIR1_NOM INST193;DIR1_ROL INST193;DIR1_PRO INST193;DIR2_NOM INST193;DIR2_ROL INST193;DIR2_PRO INST193;DIR3_NOM INST193;DIR3_ROL INST193;DIR3_PRO INST193;DIR4_NOM INST193;DIR4_ROL INST193;DIR4_PRO INST193;DIR5_NOM INST193;DIR5_ROL INST193;DIR5_PRO INST193;DIR6_NOM INST193;DIR6_ROL INST193;DIR6_PRO INST193;DIR7_NOM INST193;DIR7_ROL INST193;DIR7_PRO INST193;DIR8_NOM INST193;DIR8_ROL INST193;DIR8_PRO INST193;DIR9_NOM INST193;DIR9_ROL INST193;DIR9_PRO INST193
214;CFT INSTITUTO CENTRAL DE CAPACITACIÓN EDUCACIONAL ICCE;JUAN JAÑA LAGOS;SIN PROCESO CNED;DIR1_NOM INST214;DIR1_ROL INST214;DIR1_PRO INST214;DIR2_NOM INST214;DIR2_ROL INST214;DIR2_PRO INST214;DIR3_NOM INST214;DIR3_ROL INST214;DIR3_PRO INST214;DIR4_NOM INST214;DIR4_ROL INST214;DIR4_PRO INST214;DIR5_NOM INST214;DIR5_ROL INST214;DIR5_PRO INST214;DIR6_NOM INST214;DIR6_ROL INST214;DIR6_PRO INST214;DIR7_NOM INST214;DIR7_ROL INST214;DIR7_PRO INST214;DIR8_NOM INST214;DIR8_ROL INST214;DIR8_PRO INST214;DIR9_NOM INST214;DIR9_ROL INST214;DIR9_PRO INST214
218;CFT ENAC;JORGE MENÉNDEZ GALLEGOS;SIN PROCESO CNED;DIR1_NOM INST218;DIR1_ROL INST218;DIR1_PRO INST218;DIR2_NOM INST218;DIR2_ROL INST218;DIR2_PRO INST218;DIR3_NOM INST218;DIR3_ROL INST218;DIR3_PRO INST218;DIR4_NOM INST218;DIR4_ROL INST218;DIR4_PRO INST218;DIR5_NOM INST218;DIR5_ROL INST218;DIR5_PRO INST218;DIR6_NOM INST218;DIR6_ROL INST218;DIR6_PRO INST218;DIR7_NOM INST218;DIR7_ROL INST218;DIR7_PRO INST218;DIR8_NOM INST218;DIR8_ROL INST218;DIR8_PRO INST218;DIR9_NOM INST218;DIR9_ROL INST218;DIR9_PRO INST218
236;CFT CENTRO TECNOLÓGICO SUPERIOR INFOMED;ISABEL PEREIRA VENEGAS;SIN PROCESO CNED;DIR1_NOM INST236;DIR1_ROL INST236;DIR1_PRO INST236;DIR2_NOM INST236;DIR2_ROL INST236;DIR2_PRO INST236;DIR3_NOM INST236;DIR3_ROL INST236;DIR3_PRO INST236;DIR4_NOM INST236;DIR4_ROL INST236;DIR4_PRO INST236;DIR5_NOM INST236;DIR5_ROL INST236;DIR5_PRO INST236;DIR6_NOM INST236;DIR6_ROL INST236;DIR6_PRO INST236;DIR7_NOM INST236;DIR7_ROL INST236;DIR7_PRO INST236;DIR8_NOM INST236;DIR8_ROL INST236;DIR8_PRO INST236;DIR9_NOM INST236;DIR9_ROL INST236;DIR9_PRO INST236
241;CFT INSTITUTO SUPERIOR ALEMÁN DE COMERCIO INSALCO;GORDAN NIKOLIC;SIN PROCESO CNED;DIR1_NOM INST241;DIR1_ROL INST241;DIR1_PRO INST241;DIR2_NOM INST241;DIR2_ROL INST241;DIR2_PRO INST241;DIR3_NOM INST241;DIR3_ROL INST241;DIR3_PRO INST241;DIR4_NOM INST241;DIR4_ROL INST241;DIR4_PRO INST241;DIR5_NOM INST241;DIR5_ROL INST241;DIR5_PRO INST241;DIR6_NOM INST241;DIR6_ROL INST241;DIR6_PRO INST241;DIR7_NOM INST241;DIR7_ROL INST241;DIR7_PRO INST241;DIR8_NOM INST241;DIR8_ROL INST241;DIR8_PRO INST241;DIR9_NOM INST241;DIR9_ROL INST241;DIR9_PRO INST241
257;CFT JUAN BOHON;GLORIA ITURRA MARDONES;SIN PROCESO CNED;DIR1_NOM INST257;DIR1_ROL INST257;DIR1_PRO INST257;DIR2_NOM INST257;DIR2_ROL INST257;DIR2_PRO INST257;DIR3_NOM INST257;DIR3_ROL INST257;DIR3_PRO INST257;DIR4_NOM INST257;DIR4_ROL INST257;DIR4_PRO INST257;DIR5_NOM INST257;DIR5_ROL INST257;DIR5_PRO INST257;DIR6_NOM INST257;DIR6_ROL INST257;DIR6_PRO INST257;DIR7_NOM INST257;DIR7_ROL INST257;DIR7_PRO INST257;DIR8_NOM INST257;DIR8_ROL INST257;DIR8_PRO INST257;DIR9_NOM INST257;DIR9_ROL INST257;DIR9_PRO INST257
260;CFT SANTO TOMÁS;JUAN PABLO GUZMÁN ALDUNATE;SIN PROCESO CNED;DIR1_NOM INST260;DIR1_ROL INST260;DIR1_PRO INST260;DIR2_NOM INST260;DIR2_ROL INST260;DIR2_PRO INST260;DIR3_NOM INST260;DIR3_ROL INST260;DIR3_PRO INST260;DIR4_NOM INST260;DIR4_ROL INST260;DIR4_PRO INST260;DIR5_NOM INST260;DIR5_ROL INST260;DIR5_PRO INST260;DIR6_NOM INST260;DIR6_ROL INST260;DIR6_PRO INST260;DIR7_NOM INST260;DIR7_ROL INST260;DIR7_PRO INST260;DIR8_NOM INST260;DIR8_ROL INST260;DIR8_PRO INST260;DIR9_NOM INST260;DIR9_ROL INST260;DIR9_PRO INST260
312;CFT CENCO;LUIS HORACIO ROJAS MANSILLA;SIN PROCESO CNED;DIR1_NOM INST312;DIR1_ROL INST312;DIR1_PRO INST312;DIR2_NOM INST312;DIR2_ROL INST312;DIR2_PRO INST312;DIR3_NOM INST312;DIR3_ROL INST312;DIR3_PRO INST312;DIR4_NOM INST312;DIR4_ROL INST312;DIR4_PRO INST312;DIR5_NOM INST312;DIR5_ROL INST312;DIR5_PRO INST312;DIR6_NOM INST312;DIR6_ROL INST312;DIR6_PRO INST312;DIR7_NOM INST312;DIR7_ROL INST312;DIR7_PRO INST312;DIR8_NOM INST312;DIR8_ROL INST312;DIR8_PRO INST312;DIR9_NOM INST312;DIR9_ROL INST312;DIR9_PRO INST312
319;CFT PRODATA;CARLOS AEDO MORALES;SIN PROCESO CNED;DIR1_NOM INST319;DIR1_ROL INST319;DIR1_PRO INST319;DIR2_NOM INST319;DIR2_ROL INST319;DIR2_PRO INST319;DIR3_NOM INST319;DIR3_ROL INST319;DIR3_PRO INST319;DIR4_NOM INST319;DIR4_ROL INST319;DIR4_PRO INST319;DIR5_NOM INST319;DIR5_ROL INST319;DIR5_PRO INST319;DIR6_NOM INST319;DIR6_ROL INST319;DIR6_PRO INST319;DIR7_NOM INST319;DIR7_ROL INST319;DIR7_PRO INST319;DIR8_NOM INST319;DIR8_ROL INST319;DIR8_PRO INST319;DIR9_NOM INST319;DIR9_ROL INST319;DIR9_PRO INST319
328;CFT INSTITUTO SUPERIOR DE ESTUDIOS JURÍDICOS CANON;CARLOS ZAVALA GODOY;SIN PROCESO CNED;DIR1_NOM INST328;DIR1_ROL INST328;DIR1_PRO INST328;DIR2_NOM INST328;DIR2_ROL INST328;DIR2_PRO INST328;DIR3_NOM INST328;DIR3_ROL INST328;DIR3_PRO INST328;DIR4_NOM INST328;DIR4_ROL INST328;DIR4_PRO INST328;DIR5_NOM INST328;DIR5_ROL INST328;DIR5_PRO INST328;DIR6_NOM INST328;DIR6_ROL INST328;DIR6_PRO INST328;DIR7_NOM INST328;DIR7_ROL INST328;DIR7_PRO INST328;DIR8_NOM INST328;DIR8_ROL INST328;DIR8_PRO INST328;DIR9_NOM INST328;DIR9_ROL INST328;DIR9_PRO INST328
331;CFT IPROSEC;CLAUDIA ROMERO FUENTEALBA;SIN PROCESO CNED;DIR1_NOM INST331;DIR1_ROL INST331;DIR1_PRO INST331;DIR2_NOM INST331;DIR2_ROL INST331;DIR2_PRO INST331;DIR3_NOM INST331;DIR3_ROL INST331;DIR3_PRO INST331;DIR4_NOM INST331;DIR4_ROL INST331;DIR4_PRO INST331;DIR5_NOM INST331;DIR5_ROL INST331;DIR5_PRO INST331;DIR6_NOM INST331;DIR6_ROL INST331;DIR6_PRO INST331;DIR7_NOM INST331;DIR7_ROL INST331;DIR7_PRO INST331;DIR8_NOM INST331;DIR8_ROL INST331;DIR8_PRO INST331;DIR9_NOM INST331;DIR9_ROL INST331;DIR9_PRO INST331
367;CFT SAN AGUSTÍN;SERGIO MORALES DÍAZ;SIN PROCESO CNED;DIR1_NOM INST367;DIR1_ROL INST367;DIR1_PRO INST367;DIR2_NOM INST367;DIR2_ROL INST367;DIR2_PRO INST367;DIR3_NOM INST367;DIR3_ROL INST367;DIR3_PRO INST367;DIR4_NOM INST367;DIR4_ROL INST367;DIR4_PRO INST367;DIR5_NOM INST367;DIR5_ROL INST367;DIR5_PRO INST367;DIR6_NOM INST367;DIR6_ROL INST367;DIR6_PRO INST367;DIR7_NOM INST367;DIR7_ROL INST367;DIR7_PRO INST367;DIR8_NOM INST367;DIR8_ROL INST367;DIR8_PRO INST367;DIR9_NOM INST367;DIR9_ROL INST367;DIR9_PRO INST367
382;CFT ALPES;PATRICIA URZÚA DAVIS;SIN PROCESO CNED;DIR1_NOM INST382;DIR1_ROL INST382;DIR1_PRO INST382;DIR2_NOM INST382;DIR2_ROL INST382;DIR2_PRO INST382;DIR3_NOM INST382;DIR3_ROL INST382;DIR3_PRO INST382;DIR4_NOM INST382;DIR4_ROL INST382;DIR4_PRO INST382;DIR5_NOM INST382;DIR5_ROL INST382;DIR5_PRO INST382;DIR6_NOM INST382;DIR6_ROL INST382;DIR6_PRO INST382;DIR7_NOM INST382;DIR7_ROL INST382;DIR7_PRO INST382;DIR8_NOM INST382;DIR8_ROL INST382;DIR8_PRO INST382;DIR9_NOM INST382;DIR9_ROL INST382;DIR9_PRO INST382
426;CFT ESCUELA DE COMERCIO;FERNANDO MARTÍNEZ SANTANA;SIN PROCESO CNED;DIR1_NOM INST426;DIR1_ROL INST426;DIR1_PRO INST426;DIR2_NOM INST426;DIR2_ROL INST426;DIR2_PRO INST426;DIR3_NOM INST426;DIR3_ROL INST426;DIR3_PRO INST426;DIR4_NOM INST426;DIR4_ROL INST426;DIR4_PRO INST426;DIR5_NOM INST426;DIR5_ROL INST426;DIR5_PRO INST426;DIR6_NOM INST426;DIR6_ROL INST426;DIR6_PRO INST426;DIR7_NOM INST426;DIR7_ROL INST426;DIR7_PRO INST426;DIR8_NOM INST426;DIR8_ROL INST426;DIR8_PRO INST426;DIR9_NOM INST426;DIR9_ROL INST426;DIR9_PRO INST426
427;CFT LAPLACE;CECILIA TAPIA CASTRO;SIN PROCESO CNED;DIR1_NOM INST427;DIR1_ROL INST427;DIR1_PRO INST427;DIR2_NOM INST427;DIR2_ROL INST427;DIR2_PRO INST427;DIR3_NOM INST427;DIR3_ROL INST427;DIR3_PRO INST427;DIR4_NOM INST427;DIR4_ROL INST427;DIR4_PRO INST427;DIR5_NOM INST427;DIR5_ROL INST427;DIR5_PRO INST427;DIR6_NOM INST427;DIR6_ROL INST427;DIR6_PRO INST427;DIR7_NOM INST427;DIR7_ROL INST427;DIR7_PRO INST427;DIR8_NOM INST427;DIR8_ROL INST427;DIR8_PRO INST427;DIR9_NOM INST427;DIR9_ROL INST427;DIR9_PRO INST427
430;CFT INACAP;LUIS EDUARDO PRIETO FERNÁNDEZ;SIN PROCESO CNED;DIR1_NOM INST430;DIR1_ROL INST430;DIR1_PRO INST430;DIR2_NOM INST430;DIR2_ROL INST430;DIR2_PRO INST430;DIR3_NOM INST430;DIR3_ROL INST430;DIR3_PRO INST430;DIR4_NOM INST430;DIR4_ROL INST430;DIR4_PRO INST430;DIR5_NOM INST430;DIR5_ROL INST430;DIR5_PRO INST430;DIR6_NOM INST430;DIR6_ROL INST430;DIR6_PRO INST430;DIR7_NOM INST430;DIR7_ROL INST430;DIR7_PRO INST430;DIR8_NOM INST430;DIR8_ROL INST430;DIR8_PRO INST430;DIR9_NOM INST430;DIR9_ROL INST430;DIR9_PRO INST430
435;CFT DEL MEDIO AMBIENTE;PAOLA CERDA ALISTE;SIN PROCESO CNED;DIR1_NOM INST435;DIR1_ROL INST435;DIR1_PRO INST435;DIR2_NOM INST435;DIR2_ROL INST435;DIR2_PRO INST435;DIR3_NOM INST435;DIR3_ROL INST435;DIR3_PRO INST435;DIR4_NOM INST435;DIR4_ROL INST435;DIR4_PRO INST435;DIR5_NOM INST435;DIR5_ROL INST435;DIR5_PRO INST435;DIR6_NOM INST435;DIR6_ROL INST435;DIR6_PRO INST435;DIR7_NOM INST435;DIR7_ROL INST435;DIR7_PRO INST435;DIR8_NOM INST435;DIR8_ROL INST435;DIR8_PRO INST435;DIR9_NOM INST435;DIR9_ROL INST435;DIR9_PRO INST435
450;CFT LOTA-ARAUCO;CRISTIAN PATRICIO PÉREZ VERGARA;SIN PROCESO CNED;DIR1_NOM INST450;DIR1_ROL INST450;DIR1_PRO INST450;DIR2_NOM INST450;DIR2_ROL INST450;DIR2_PRO INST450;DIR3_NOM INST450;DIR3_ROL INST450;DIR3_PRO INST450;DIR4_NOM INST450;DIR4_ROL INST450;DIR4_PRO INST450;DIR5_NOM INST450;DIR5_ROL INST450;DIR5_PRO INST450;DIR6_NOM INST450;DIR6_ROL INST450;DIR6_PRO INST450;DIR7_NOM INST450;DIR7_ROL INST450;DIR7_PRO INST450;DIR8_NOM INST450;DIR8_ROL INST450;DIR8_PRO INST450;DIR9_NOM INST450;DIR9_ROL INST450;DIR9_PRO INST450
456;CFT CEDUC - UCN;CARLOS A. SAINZ LÓPEZ;SIN PROCESO CNED;DIR1_NOM INST456;DIR1_ROL INST456;DIR1_PRO INST456;DIR2_NOM INST456;DIR2_ROL INST456;DIR2_PRO INST456;DIR3_NOM INST456;DIR3_ROL INST456;DIR3_PRO INST456;DIR4_NOM INST456;DIR4_ROL INST456;DIR4_PRO INST456;DIR5_NOM INST456;DIR5_ROL INST456;DIR5_PRO INST456;DIR6_NOM INST456;DIR6_ROL INST456;DIR6_PRO INST456;DIR7_NOM INST456;DIR7_ROL INST456;DIR7_PRO INST456;DIR8_NOM INST456;DIR8_ROL INST456;DIR8_PRO INST456;DIR9_NOM INST456;DIR9_ROL INST456;DIR9_PRO INST456
534;CFT ASISTE;TAMARA UNDA ESCALONA;SIN PROCESO CNED;DIR1_NOM INST534;DIR1_ROL INST534;DIR1_PRO INST534;DIR2_NOM INST534;DIR2_ROL INST534;DIR2_PRO INST534;DIR3_NOM INST534;DIR3_ROL INST534;DIR3_PRO INST534;DIR4_NOM INST534;DIR4_ROL INST534;DIR4_PRO INST534;DIR5_NOM INST534;DIR5_ROL INST534;DIR5_PRO INST534;DIR6_NOM INST534;DIR6_ROL INST534;DIR6_PRO INST534;DIR7_NOM INST534;DIR7_ROL INST534;DIR7_PRO INST534;DIR8_NOM INST534;DIR8_ROL INST534;DIR8_PRO INST534;DIR9_NOM INST534;DIR9_ROL INST534;DIR9_PRO INST534
629;CFT PUCV;PAULO SOLARI ALLIENDE;SIN PROCESO CNED;DIR1_NOM INST629;DIR1_ROL INST629;DIR1_PRO INST629;DIR2_NOM INST629;DIR2_ROL INST629;DIR2_PRO INST629;DIR3_NOM INST629;DIR3_ROL INST629;DIR3_PRO INST629;DIR4_NOM INST629;DIR4_ROL INST629;DIR4_PRO INST629;DIR5_NOM INST629;DIR5_ROL INST629;DIR5_PRO INST629;DIR6_NOM INST629;DIR6_ROL INST629;DIR6_PRO INST629;DIR7_NOM INST629;DIR7_ROL INST629;DIR7_PRO INST629;DIR8_NOM INST629;DIR8_ROL INST629;DIR8_PRO INST629;DIR9_NOM INST629;DIR9_ROL INST629;DIR9_PRO INST629
633;CFT TEODORO WICKEL;LUIS MARCELO NÚÑEZ IRIBARREN ;SIN PROCESO CNED;DIR1_NOM INST633;DIR1_ROL INST633;DIR1_PRO INST633;DIR2_NOM INST633;DIR2_ROL INST633;DIR2_PRO INST633;DIR3_NOM INST633;DIR3_ROL INST633;DIR3_PRO INST633;DIR4_NOM INST633;DIR4_ROL INST633;DIR4_PRO INST633;DIR5_NOM INST633;DIR5_ROL INST633;DIR5_PRO INST633;DIR6_NOM INST633;DIR6_ROL INST633;DIR6_PRO INST633;DIR7_NOM INST633;DIR7_ROL INST633;DIR7_PRO INST633;DIR8_NOM INST633;DIR8_ROL INST633;DIR8_PRO INST633;DIR9_NOM INST633;DIR9_ROL INST633;DIR9_PRO INST633
676;IP INTERNACIONAL DE ARTES CULINARIAS Y SERVICIOS;MARÍA TRINIDAD RIESCO EYZAGUIRRE;SIN PROCESO CNED;DIR1_NOM INST676;DIR1_ROL INST676;DIR1_PRO INST676;DIR2_NOM INST676;DIR2_ROL INST676;DIR2_PRO INST676;DIR3_NOM INST676;DIR3_ROL INST676;DIR3_PRO INST676;DIR4_NOM INST676;DIR4_ROL INST676;DIR4_PRO INST676;DIR5_NOM INST676;DIR5_ROL INST676;DIR5_PRO INST676;DIR6_NOM INST676;DIR6_ROL INST676;DIR6_PRO INST676;DIR7_NOM INST676;DIR7_ROL INST676;DIR7_PRO INST676;DIR8_NOM INST676;DIR8_ROL INST676;DIR8_PRO INST676;DIR9_NOM INST676;DIR9_ROL INST676;DIR9_PRO INST676
691;CFT PROFASOC;HORTENSIA LEAL NEGRONI;SIN PROCESO CNED;DIR1_NOM INST691;DIR1_ROL INST691;DIR1_PRO INST691;DIR2_NOM INST691;DIR2_ROL INST691;DIR2_PRO INST691;DIR3_NOM INST691;DIR3_ROL INST691;DIR3_PRO INST691;DIR4_NOM INST691;DIR4_ROL INST691;DIR4_PRO INST691;DIR5_NOM INST691;DIR5_ROL INST691;DIR5_PRO INST691;DIR6_NOM INST691;DIR6_ROL INST691;DIR6_PRO INST691;DIR7_NOM INST691;DIR7_ROL INST691;DIR7_PRO INST691;DIR8_NOM INST691;DIR8_ROL INST691;DIR8_PRO INST691;DIR9_NOM INST691;DIR9_ROL INST691;DIR9_PRO INST691
693;IP PROJAZZ;GEORGE ABUFHELE BUS;SIN PROCESO CNED;DIR1_NOM INST693;DIR1_ROL INST693;DIR1_PRO INST693;DIR2_NOM INST693;DIR2_ROL INST693;DIR2_PRO INST693;DIR3_NOM INST693;DIR3_ROL INST693;DIR3_PRO INST693;DIR4_NOM INST693;DIR4_ROL INST693;DIR4_PRO INST693;DIR5_NOM INST693;DIR5_ROL INST693;DIR5_PRO INST693;DIR6_NOM INST693;DIR6_ROL INST693;DIR6_PRO INST693;DIR7_NOM INST693;DIR7_ROL INST693;DIR7_PRO INST693;DIR8_NOM INST693;DIR8_ROL INST693;DIR8_PRO INST693;DIR9_NOM INST693;DIR9_ROL INST693;DIR9_PRO INST693
701;CFT MANPOWER;CARLA ACEITUNO CARRASCO;SIN PROCESO CNED;DIR1_NOM INST701;DIR1_ROL INST701;DIR1_PRO INST701;DIR2_NOM INST701;DIR2_ROL INST701;DIR2_PRO INST701;DIR3_NOM INST701;DIR3_ROL INST701;DIR3_PRO INST701;DIR4_NOM INST701;DIR4_ROL INST701;DIR4_PRO INST701;DIR5_NOM INST701;DIR5_ROL INST701;DIR5_PRO INST701;DIR6_NOM INST701;DIR6_ROL INST701;DIR6_PRO INST701;DIR7_NOM INST701;DIR7_ROL INST701;DIR7_PRO INST701;DIR8_NOM INST701;DIR8_ROL INST701;DIR8_PRO INST701;DIR9_NOM INST701;DIR9_ROL INST701;DIR9_PRO INST701
714;IP ESCUELA DE CINE DE CHILE;MANUEL EDUARDO HÜBNER;SIN PROCESO CNED;DIR1_NOM INST714;DIR1_ROL INST714;DIR1_PRO INST714;DIR2_NOM INST714;DIR2_ROL INST714;DIR2_PRO INST714;DIR3_NOM INST714;DIR3_ROL INST714;DIR3_PRO INST714;DIR4_NOM INST714;DIR4_ROL INST714;DIR4_PRO INST714;DIR5_NOM INST714;DIR5_ROL INST714;DIR5_PRO INST714;DIR6_NOM INST714;DIR6_ROL INST714;DIR6_PRO INST714;DIR7_NOM INST714;DIR7_ROL INST714;DIR7_PRO INST714;DIR8_NOM INST714;DIR8_ROL INST714;DIR8_PRO INST714;DIR9_NOM INST714;DIR9_ROL INST714;DIR9_PRO INST714
730;CFT ESCUELA CULINARIA FRANCESA;CARMEN VERSLUYS CASTRO;SIN PROCESO CNED;DIR1_NOM INST730;DIR1_ROL INST730;DIR1_PRO INST730;DIR2_NOM INST730;DIR2_ROL INST730;DIR2_PRO INST730;DIR3_NOM INST730;DIR3_ROL INST730;DIR3_PRO INST730;DIR4_NOM INST730;DIR4_ROL INST730;DIR4_PRO INST730;DIR5_NOM INST730;DIR5_ROL INST730;DIR5_PRO INST730;DIR6_NOM INST730;DIR6_ROL INST730;DIR6_PRO INST730;DIR7_NOM INST730;DIR7_ROL INST730;DIR7_PRO INST730;DIR8_NOM INST730;DIR8_ROL INST730;DIR8_PRO INST730;DIR9_NOM INST730;DIR9_ROL INST730;DIR9_PRO INST730
754;IP ESCUELA DE MARINA MERCANTE PILOTO PARDO;GUILLERMO VARGAS ORELLANA;SIN PROCESO CNED;DIR1_NOM INST754;DIR1_ROL INST754;DIR1_PRO INST754;DIR2_NOM INST754;DIR2_ROL INST754;DIR2_PRO INST754;DIR3_NOM INST754;DIR3_ROL INST754;DIR3_PRO INST754;DIR4_NOM INST754;DIR4_ROL INST754;DIR4_PRO INST754;DIR5_NOM INST754;DIR5_ROL INST754;DIR5_PRO INST754;DIR6_NOM INST754;DIR6_ROL INST754;DIR6_PRO INST754;DIR7_NOM INST754;DIR7_ROL INST754;DIR7_PRO INST754;DIR8_NOM INST754;DIR8_ROL INST754;DIR8_PRO INST754;DIR9_NOM INST754;DIR9_ROL INST754;DIR9_PRO INST754
895;UNIVERSIDAD DE O'HIGGINS;FERNANDA KRI AMAR ;SIN PROCESO CNED;DIR1_NOM INST895;DIR1_ROL INST895;DIR1_PRO INST895;DIR2_NOM INST895;DIR2_ROL INST895;DIR2_PRO INST895;DIR3_NOM INST895;DIR3_ROL INST895;DIR3_PRO INST895;DIR4_NOM INST895;DIR4_ROL INST895;DIR4_PRO INST895;DIR5_NOM INST895;DIR5_ROL INST895;DIR5_PRO INST895;DIR6_NOM INST895;DIR6_ROL INST895;DIR6_PRO INST895;DIR7_NOM INST895;DIR7_ROL INST895;DIR7_PRO INST895;DIR8_NOM INST895;DIR8_ROL INST895;DIR8_PRO INST895;DIR9_NOM INST895;DIR9_ROL INST895;DIR9_PRO INST895
896;UNIVERSIDAD DE AYSEN;JUAN PABLO PRIETO COX;SIN PROCESO CNED;DIR1_NOM INST896;DIR1_ROL INST896;DIR1_PRO INST896;DIR2_NOM INST896;DIR2_ROL INST896;DIR2_PRO INST896;DIR3_NOM INST896;DIR3_ROL INST896;DIR3_PRO INST896;DIR4_NOM INST896;DIR4_ROL INST896;DIR4_PRO INST896;DIR5_NOM INST896;DIR5_ROL INST896;DIR5_PRO INST896;DIR6_NOM INST896;DIR6_ROL INST896;DIR6_PRO INST896;DIR7_NOM INST896;DIR7_ROL INST896;DIR7_PRO INST896;DIR8_NOM INST896;DIR8_ROL INST896;DIR8_PRO INST896;DIR9_NOM INST896;DIR9_ROL INST896;DIR9_PRO INST896
902;CFT ESTATAL DE ARICA Y PARINACOTA;CARLOS ARAOS URIBE;SUPERVIGILANCIA CFTE;DIR1_NOM INST902;DIR1_ROL INST902;DIR1_PRO INST902;DIR2_NOM INST902;DIR2_ROL INST902;DIR2_PRO INST902;DIR3_NOM INST902;DIR3_ROL INST902;DIR3_PRO INST902;DIR4_NOM INST902;DIR4_ROL INST902;DIR4_PRO INST902;DIR5_NOM INST902;DIR5_ROL INST902;DIR5_PRO INST902;DIR6_NOM INST902;DIR6_ROL INST902;DIR6_PRO INST902;DIR7_NOM INST902;DIR7_ROL INST902;DIR7_PRO INST902;DIR8_NOM INST902;DIR8_ROL INST902;DIR8_PRO INST902;DIR9_NOM INST902;DIR9_ROL INST902;DIR9_PRO INST902
906;CFT ESTATAL DE TARAPACÁ;JORGE VILLEGAS AHUMADA;SUPERVIGILANCIA CFTE;DIR1_NOM INST906;DIR1_ROL INST906;DIR1_PRO INST906;DIR2_NOM INST906;DIR2_ROL INST906;DIR2_PRO INST906;DIR3_NOM INST906;DIR3_ROL INST906;DIR3_PRO INST906;DIR4_NOM INST906;DIR4_ROL INST906;DIR4_PRO INST906;DIR5_NOM INST906;DIR5_ROL INST906;DIR5_PRO INST906;DIR6_NOM INST906;DIR6_ROL INST906;DIR6_PRO INST906;DIR7_NOM INST906;DIR7_ROL INST906;DIR7_PRO INST906;DIR8_NOM INST906;DIR8_ROL INST906;DIR8_PRO INST906;DIR9_NOM INST906;DIR9_ROL INST906;DIR9_PRO INST906
908;CFT ESTATAL DE ANTOFAGASTA;BANIRA PONCE RIVERA ;SUPERVIGILANCIA CFTE;DIR1_NOM INST908;DIR1_ROL INST908;DIR1_PRO INST908;DIR2_NOM INST908;DIR2_ROL INST908;DIR2_PRO INST908;DIR3_NOM INST908;DIR3_ROL INST908;DIR3_PRO INST908;DIR4_NOM INST908;DIR4_ROL INST908;DIR4_PRO INST908;DIR5_NOM INST908;DIR5_ROL INST908;DIR5_PRO INST908;DIR6_NOM INST908;DIR6_ROL INST908;DIR6_PRO INST908;DIR7_NOM INST908;DIR7_ROL INST908;DIR7_PRO INST908;DIR8_NOM INST908;DIR8_ROL INST908;DIR8_PRO INST908;DIR9_NOM INST908;DIR9_ROL INST908;DIR9_PRO INST908
909;CFT ESTATAL DE ATACAMA;RODRIGO ANDRÉS MERIÑO ARANDA;SUPERVIGILANCIA CFTE;DIR1_NOM INST909;DIR1_ROL INST909;DIR1_PRO INST909;DIR2_NOM INST909;DIR2_ROL INST909;DIR2_PRO INST909;DIR3_NOM INST909;DIR3_ROL INST909;DIR3_PRO INST909;DIR4_NOM INST909;DIR4_ROL INST909;DIR4_PRO INST909;DIR5_NOM INST909;DIR5_ROL INST909;DIR5_PRO INST909;DIR6_NOM INST909;DIR6_ROL INST909;DIR6_PRO INST909;DIR7_NOM INST909;DIR7_ROL INST909;DIR7_PRO INST909;DIR8_NOM INST909;DIR8_ROL INST909;DIR8_PRO INST909;DIR9_NOM INST909;DIR9_ROL INST909;DIR9_PRO INST909
910;CFT ESTATAL DE COQUIMBO;HUGO KEITH ACEVEDO;SUPERVIGILANCIA CFTE;DIR1_NOM INST910;DIR1_ROL INST910;DIR1_PRO INST910;DIR2_NOM INST910;DIR2_ROL INST910;DIR2_PRO INST910;DIR3_NOM INST910;DIR3_ROL INST910;DIR3_PRO INST910;DIR4_NOM INST910;DIR4_ROL INST910;DIR4_PRO INST910;DIR5_NOM INST910;DIR5_ROL INST910;DIR5_PRO INST910;DIR6_NOM INST910;DIR6_ROL INST910;DIR6_PRO INST910;DIR7_NOM INST910;DIR7_ROL INST910;DIR7_PRO INST910;DIR8_NOM INST910;DIR8_ROL INST910;DIR8_PRO INST910;DIR9_NOM INST910;DIR9_ROL INST910;DIR9_PRO INST910
911;CFT ESTATAL DE VALPARAÍSO;RODRIGO CARLOS  JARUFE FUENTES;SUPERVIGILANCIA CFTE;DIR1_NOM INST911;DIR1_ROL INST911;DIR1_PRO INST911;DIR2_NOM INST911;DIR2_ROL INST911;DIR2_PRO INST911;DIR3_NOM INST911;DIR3_ROL INST911;DIR3_PRO INST911;DIR4_NOM INST911;DIR4_ROL INST911;DIR4_PRO INST911;DIR5_NOM INST911;DIR5_ROL INST911;DIR5_PRO INST911;DIR6_NOM INST911;DIR6_ROL INST911;DIR6_PRO INST911;DIR7_NOM INST911;DIR7_ROL INST911;DIR7_PRO INST911;DIR8_NOM INST911;DIR8_ROL INST911;DIR8_PRO INST911;DIR9_NOM INST911;DIR9_ROL INST911;DIR9_PRO INST911
912;CFT ESTATAL DE LA REGIÓN METROPOLITANA;CAROLINA SÁNCHEZ GAETE   ;SUPERVIGILANCIA CFTE;DIR1_NOM INST912;DIR1_ROL INST912;DIR1_PRO INST912;DIR2_NOM INST912;DIR2_ROL INST912;DIR2_PRO INST912;DIR3_NOM INST912;DIR3_ROL INST912;DIR3_PRO INST912;DIR4_NOM INST912;DIR4_ROL INST912;DIR4_PRO INST912;DIR5_NOM INST912;DIR5_ROL INST912;DIR5_PRO INST912;DIR6_NOM INST912;DIR6_ROL INST912;DIR6_PRO INST912;DIR7_NOM INST912;DIR7_ROL INST912;DIR7_PRO INST912;DIR8_NOM INST912;DIR8_ROL INST912;DIR8_PRO INST912;DIR9_NOM INST912;DIR9_ROL INST912;DIR9_PRO INST912
913;CFT ESTATAL DE O'HIGGINS;ADRIÁN PEREIRA SANTANA;SUPERVIGILANCIA CFTE;DIR1_NOM INST913;DIR1_ROL INST913;DIR1_PRO INST913;DIR2_NOM INST913;DIR2_ROL INST913;DIR2_PRO INST913;DIR3_NOM INST913;DIR3_ROL INST913;DIR3_PRO INST913;DIR4_NOM INST913;DIR4_ROL INST913;DIR4_PRO INST913;DIR5_NOM INST913;DIR5_ROL INST913;DIR5_PRO INST913;DIR6_NOM INST913;DIR6_ROL INST913;DIR6_PRO INST913;DIR7_NOM INST913;DIR7_ROL INST913;DIR7_PRO INST913;DIR8_NOM INST913;DIR8_ROL INST913;DIR8_PRO INST913;DIR9_NOM INST913;DIR9_ROL INST913;DIR9_PRO INST913
914;CFT ESTATAL DEL MAULE;NUBIA BALBOA NEIRA;SUPERVIGILANCIA CFTE;DIR1_NOM INST914;DIR1_ROL INST914;DIR1_PRO INST914;DIR2_NOM INST914;DIR2_ROL INST914;DIR2_PRO INST914;DIR3_NOM INST914;DIR3_ROL INST914;DIR3_PRO INST914;DIR4_NOM INST914;DIR4_ROL INST914;DIR4_PRO INST914;DIR5_NOM INST914;DIR5_ROL INST914;DIR5_PRO INST914;DIR6_NOM INST914;DIR6_ROL INST914;DIR6_PRO INST914;DIR7_NOM INST914;DIR7_ROL INST914;DIR7_PRO INST914;DIR8_NOM INST914;DIR8_ROL INST914;DIR8_PRO INST914;DIR9_NOM INST914;DIR9_ROL INST914;DIR9_PRO INST914
915;CFT ESTATAL DEL BÍO BÍO;RENÉ LAGOS CUTIÑO;SUPERVIGILANCIA CFTE;DIR1_NOM INST915;DIR1_ROL INST915;DIR1_PRO INST915;DIR2_NOM INST915;DIR2_ROL INST915;DIR2_PRO INST915;DIR3_NOM INST915;DIR3_ROL INST915;DIR3_PRO INST915;DIR4_NOM INST915;DIR4_ROL INST915;DIR4_PRO INST915;DIR5_NOM INST915;DIR5_ROL INST915;DIR5_PRO INST915;DIR6_NOM INST915;DIR6_ROL INST915;DIR6_PRO INST915;DIR7_NOM INST915;DIR7_ROL INST915;DIR7_PRO INST915;DIR8_NOM INST915;DIR8_ROL INST915;DIR8_PRO INST915;DIR9_NOM INST915;DIR9_ROL INST915;DIR9_PRO INST915
916;CFT ESTATAL DE LA ARAUCANIA;KAROLL IBAÑEZ GODEAU (S);SUPERVIGILANCIA CFTE;DIR1_NOM INST916;DIR1_ROL INST916;DIR1_PRO INST916;DIR2_NOM INST916;DIR2_ROL INST916;DIR2_PRO INST916;DIR3_NOM INST916;DIR3_ROL INST916;DIR3_PRO INST916;DIR4_NOM INST916;DIR4_ROL INST916;DIR4_PRO INST916;DIR5_NOM INST916;DIR5_ROL INST916;DIR5_PRO INST916;DIR6_NOM INST916;DIR6_ROL INST916;DIR6_PRO INST916;DIR7_NOM INST916;DIR7_ROL INST916;DIR7_PRO INST916;DIR8_NOM INST916;DIR8_ROL INST916;DIR8_PRO INST916;DIR9_NOM INST916;DIR9_ROL INST916;DIR9_PRO INST916
917;CFT ESTATAL DE LOS RIOS;RAMÓN RUBIO DONOSO;SUPERVIGILANCIA CFTE;DIR1_NOM INST917;DIR1_ROL INST917;DIR1_PRO INST917;DIR2_NOM INST917;DIR2_ROL INST917;DIR2_PRO INST917;DIR3_NOM INST917;DIR3_ROL INST917;DIR3_PRO INST917;DIR4_NOM INST917;DIR4_ROL INST917;DIR4_PRO INST917;DIR5_NOM INST917;DIR5_ROL INST917;DIR5_PRO INST917;DIR6_NOM INST917;DIR6_ROL INST917;DIR6_PRO INST917;DIR7_NOM INST917;DIR7_ROL INST917;DIR7_PRO INST917;DIR8_NOM INST917;DIR8_ROL INST917;DIR8_PRO INST917;DIR9_NOM INST917;DIR9_ROL INST917;DIR9_PRO INST917
918;CFT ESTATAL DE LOS LAGOS;JOSÉ MIGUEL O´RYAN;SUPERVIGILANCIA CFTE;DIR1_NOM INST918;DIR1_ROL INST918;DIR1_PRO INST918;DIR2_NOM INST918;DIR2_ROL INST918;DIR2_PRO INST918;DIR3_NOM INST918;DIR3_ROL INST918;DIR3_PRO INST918;DIR4_NOM INST918;DIR4_ROL INST918;DIR4_PRO INST918;DIR5_NOM INST918;DIR5_ROL INST918;DIR5_PRO INST918;DIR6_NOM INST918;DIR6_ROL INST918;DIR6_PRO INST918;DIR7_NOM INST918;DIR7_ROL INST918;DIR7_PRO INST918;DIR8_NOM INST918;DIR8_ROL INST918;DIR8_PRO INST918;DIR9_NOM INST918;DIR9_ROL INST918;DIR9_PRO INST918
919;CFT ESTATAL DE AYSEN;CHRISTOPHER CONTRERAS ESCOBAR (S);SUPERVIGILANCIA CFTE;DIR1_NOM INST919;DIR1_ROL INST919;DIR1_PRO INST919;DIR2_NOM INST919;DIR2_ROL INST919;DIR2_PRO INST919;DIR3_NOM INST919;DIR3_ROL INST919;DIR3_PRO INST919;DIR4_NOM INST919;DIR4_ROL INST919;DIR4_PRO INST919;DIR5_NOM INST919;DIR5_ROL INST919;DIR5_PRO INST919;DIR6_NOM INST919;DIR6_ROL INST919;DIR6_PRO INST919;DIR7_NOM INST919;DIR7_ROL INST919;DIR7_PRO INST919;DIR8_NOM INST919;DIR8_ROL INST919;DIR8_PRO INST919;DIR9_NOM INST919;DIR9_ROL INST919;DIR9_PRO INST919
920;CFT ESTATAL DE MAGALLANES;VALERIA CAROLINA GALLARDO ABELLO;SUPERVIGILANCIA CFTE;DIR1_NOM INST920;DIR1_ROL INST920;DIR1_PRO INST920;DIR2_NOM INST920;DIR2_ROL INST920;DIR2_PRO INST920;DIR3_NOM INST920;DIR3_ROL INST920;DIR3_PRO INST920;DIR4_NOM INST920;DIR4_ROL INST920;DIR4_PRO INST920;DIR5_NOM INST920;DIR5_ROL INST920;DIR5_PRO INST920;DIR6_NOM INST920;DIR6_ROL INST920;DIR6_PRO INST920;DIR7_NOM INST920;DIR7_ROL INST920;DIR7_PRO INST920;DIR8_NOM INST920;DIR8_ROL INST920;DIR8_PRO INST920;DIR9_NOM INST920;DIR9_ROL INST920;DIR9_PRO INST920
951;IP CICERON;JOAQUÍN GÓMEZ MONTENEGRO;SIN PROCESO CNED;DIR1_NOM INST951;DIR1_ROL INST951;DIR1_PRO INST951;DIR2_NOM INST951;DIR2_ROL INST951;DIR2_PRO INST951;DIR3_NOM INST951;DIR3_ROL INST951;DIR3_PRO INST951;DIR4_NOM INST951;DIR4_ROL INST951;DIR4_PRO INST951;DIR5_NOM INST951;DIR5_ROL INST951;DIR5_PRO INST951;DIR6_NOM INST951;DIR6_ROL INST951;DIR6_PRO INST951;DIR7_NOM INST951;DIR7_ROL INST951;DIR7_PRO INST951;DIR8_NOM INST951;DIR8_ROL INST951;DIR8_PRO INST951;DIR9_NOM INST951;DIR9_ROL INST951;DIR9_PRO INST951
959;CFT ACADEMIA CHILENA DE YOGA;RENÉ ESPINOZA;SUPERVISIÓN;DIR1_NOM INST959;DIR1_ROL INST959;DIR1_PRO INST959;DIR2_NOM INST959;DIR2_ROL INST959;DIR2_PRO INST959;DIR3_NOM INST959;DIR3_ROL INST959;DIR3_PRO INST959;DIR4_NOM INST959;DIR4_ROL INST959;DIR4_PRO INST959;DIR5_NOM INST959;DIR5_ROL INST959;DIR5_PRO INST959;DIR6_NOM INST959;DIR6_ROL INST959;DIR6_PRO INST959;DIR7_NOM INST959;DIR7_ROL INST959;DIR7_PRO INST959;DIR8_NOM INST959;DIR8_ROL INST959;DIR8_PRO INST959;DIR9_NOM INST959;DIR9_ROL INST959;DIR9_PRO INST959
